Product_ID;SKU_Code;Product_Name;Merchant_Name ;Product_Currency;Recommended_Retail_Price_with_VAT_(Resellers currency);category_id
6018;6.297E+12;FRiENDi Aqua GB 10- 3 months ; FRiENDi mobile ;SAR;115;
6708;6.297E+12;FRiENDi Aqua Voucher SR 15; FRiENDi mobile ;SAR;15;
6101;6.297E+12;FRiENDi Aqua GB 1.5 - 30 Days; FRiENDi mobile ;SAR;30;
6015;6.297E+12;FRiENDi Aqua Voucher SR 20; FRiENDi mobile ;SAR;20;
6017;6.297E+12;FRiENDi Aqua Voucher SR 100; FRiENDi mobile ;SAR;100;
6105;6.297E+12;FRiENDi Aqua Voucher SR 30; FRiENDi mobile ;SAR;30;
6016;6.297E+12;FRiENDi Aqua Voucher SR 50; FRiENDi mobile ;SAR;50;
6379;6.28701E+12;Lebara Recharge Voucher - SAR 20; Lebara ;SAR;20;
6384;6.28701E+12;Lebara Recharge Voucher - SAR 345; Lebara ;SAR;345;
5948;6.28701E+12;Lebara Data 10 GB for 3 Months; Lebara ;SAR;130;
6556;6.28701E+12;Lebara Data 50 GB for 3 Months; Lebara ;SAR;290;
5947;6.28701E+12;Lebara Data 3 GB 45days; Lebara ;SAR;55;
6381;6.28701E+12;Lebara Recharge Voucher - SAR 60; Lebara ;SAR;60;
6554;6.28701E+12;Lebara Data 5 GB 45days; Lebara ;SAR;70;
6141;6.28701E+12;Lebara Data 1 GB for 1Month; Lebara ;SAR;25;
6555;6.28701E+12;Lebara Data 10 GB for 1 Month; Lebara ;SAR;105;
6557;6.28701E+12;Lebara Data 100 GB for 3 Months; Lebara ;SAR;365;
6383;6.28701E+12;Lebara Recharge Voucher - SAR 230; Lebara ;SAR;230;
6380;6.28701E+12;Lebara Recharge Voucher - SAR 30; Lebara ;SAR;30;
6382;6.28701E+12;Lebara Recharge Voucher - SAR 115; Lebara ;SAR;115;
5750;2.00501E+11;Mobily Data recharge 2 GB - 1 Month; Mobily - Saudi Arabia;SAR;65;
5769;2.00501E+11;Mobily Data recharge 300 GB - 3 Months; Mobily - Saudi Arabia;SAR;525;
6373;2.003E+11;Mobily Card SAR 25; Mobily - Saudi Arabia;SAR;25;
6549;2.00501E+11;Mobily Data recharge 50 GB - 2 Months; Mobily - Saudi Arabia;SAR;250;
5946;2.00501E+11;Mobily Data recharge 10 GB - 1 Month; Mobily - Saudi Arabia;SAR;109.25;
5385;2.00501E+11;Mobily Data recharge 10 GB - 3 Months; Mobily - Saudi Arabia;SAR;200;
6374;2.003E+11;Mobily Card SAR 34.50; Mobily - Saudi Arabia;SAR;34.5;
6376;2.003E+11;Mobily Card SAR 115; Mobily - Saudi Arabia;SAR;115;
6378;2.00501E+11;Mobily Card SAR 395; Mobily - Saudi Arabia;SAR;395;
6375;2.003E+11;Mobily Card SAR 57.50; Mobily - Saudi Arabia;SAR;57.5;
5829;2.00501E+11;Mobily Data recharge 100 GB - 3 Months; Mobily - Saudi Arabia;SAR;375;
6377;2.003E+11;Mobily Card SAR 230; Mobily - Saudi Arabia;SAR;230;
6021;2.003E+11;Mobily Card SAR 20; Mobily - Saudi Arabia;SAR;20;
6356;2.00501E+11;Mobily Data recharge 20 GB - 3 Months; Mobily - Saudi Arabia;SAR;260;
5873;2.00501E+11;Mobily Data recharge 50 GB - 3 Months; Mobily - Saudi Arabia;SAR;310;
7045;6.28703E+12;Red Bull Recharge Card SAR 230; Red Bull Mobile;SAR;230;
7041;6.28703E+12;Red Bull Recharge Card SAR 17.25; Red Bull Mobile;SAR;17.25;
7191;6.28703E+12;Red Bull Data Recharge Card 100GB For 3 Months; Red Bull Mobile;SAR;253;
7235;6.28703E+12;Red Bull Recharge Card Mazaji 80; Red Bull Mobile;SAR;92;
7188;6.28703E+12;Red Bull Data Recharge Card 16GB; Red Bull Mobile;SAR;69;
7044;6.28703E+12;Red Bull Recharge Card SAR 115; Red Bull Mobile;SAR;115;
7197;6.28703E+12;Red Bull Recharge Card Mazaji 360; Red Bull Mobile;SAR;207;
7194;6.28703E+12;Red Bull Data Recharge Card 350GB For 3 Months; Red Bull Mobile;SAR;552;
7189;6.28703E+12;Red Bull Data Recharge Card 40GB; Red Bull Mobile;SAR;97.75;
7043;6.28703E+12;Red Bull Recharge Card SAR 57.5; Red Bull Mobile;SAR;57.5;
7192;6.28703E+12;Red Bull Data Recharge Card 160GB For 2 Months; Red Bull Mobile;SAR;241.5;
7042;6.28703E+12;Red Bull Recharge Card SAR 20 (Inc Exc VAT); Red Bull Mobile;SAR;20;
7334;6.28703E+12;Red Bull Recharge Card SAR 92; Red Bull Mobile;SAR;92;
7195;6.28703E+12;Red Bull Data Recharge Card Unlimited For 1 Month; Red Bull Mobile;SAR;373.75;
7239;6.28703E+12;Red Bull Recharge Card Mazaji  +160; Red Bull Mobile;SAR;184;
7190;6.28703E+12;Red Bull Data Recharge Card 100GB For 1 Month; Red Bull Mobile;SAR;149.5;
7234;6.28703E+12;Red Bull Recharge Card Mazaji 60; Red Bull Mobile;SAR;69;
7193;6.28703E+12;Red Bull Data Recharge Card 200GB For 3 Months; Red Bull Mobile;SAR;327.75;
7240;6.28703E+12;Red Bull Recharge Card Mazaji  +360; Red Bull Mobile;SAR;414;
7237;6.28703E+12;Red Bull Recharge Card Mazaji Flex 65; Red Bull Mobile;SAR;74.75;
7236;6.28703E+12;Red Bull Recharge Card Mazaji 120; Red Bull Mobile;SAR;138;
6966;6.28703E+12;Salam Mobile E-voucher Card SAR 50.; Salam Mobile;SAR;50;
6967;6.28703E+12;Salam Mobile E-voucher Card SAR 100.; Salam Mobile;SAR;100;
6965;6.28703E+12;Salam Mobile E-voucher Card SAR 20.; Salam Mobile;SAR;20;
5319;6.28117E+12;Sawa Recharge Card SR 34.50; Sawa Cards;SAR;34.5;
3769;6.28117E+12;Sawa Recharge Card SR 115; Sawa Cards;SAR;115;
6959;6.28117E+12;Sawa Post Plus; Sawa Cards;SAR;195.5;
5320;6.28117E+12;Sawa Recharge Card SR 230; Sawa Cards;SAR;230;
6334;6.28117E+12;Sawa Post Card; Sawa Cards;SAR;184;
5844;6.28117E+12;Sawa Recharge Card SR 20; Sawa Cards;SAR;20;
7069;6.28117E+12;Sawa Flex Basic Card; Sawa Cards;SAR;40.25;
3767;6.28117E+12;Sawa Recharge Card SR 23; Sawa Cards;SAR;23;
6961;6.28117E+12;Sawa Flex Plus SAR 95; Sawa Cards;SAR;126.5;
6331;6.28117E+12;Sawa Star Card; Sawa Cards;SAR;253;
6957;6.28117E+12;Sawa Like Plus; Sawa Cards;SAR;86.25;
6332;6.28117E+12;Sawa Like Card; Sawa Cards;SAR;74.75;
6551;6.28117E+12;Sawa Flex Card; Sawa Cards;SAR;103.5;
7067;6.28117E+12;Sawa Basic Card; Sawa Cards;SAR;34.5;
3770;6.28117E+12;Sawa Recharge Card SR 345; Sawa Cards;SAR;345;
6550;6.28117E+12;Sawa Recharge Card SR 28.75; Sawa Cards;SAR;28.75;
6956;6.28117E+12;Sawa 30 Plus; Sawa Cards;SAR;40.25;
6960;6.28117E+12;Sawa Star Plus; Sawa Cards;SAR;276;
6333;6.28117E+12;Sawa Share Card; Sawa Cards;SAR;126.5;
6958;6.28117E+12;Sawa Share Plus; Sawa Cards;SAR;132.25;
3768;6.28117E+12;Sawa Recharge Card SR 57.50; Sawa Cards;SAR;57.5;
6711;6.297E+12;Saudi Virgin Mobile Voucher SR 15; Virgin Mobile;SAR;15;
6713;6.297E+12;Saudi Virgin Mobile Voucher SR 30; Virgin Mobile;SAR;30;
6012;6.297E+12;Saudi Virgin Mobile Voucher SR 50; Virgin Mobile;SAR;50;
6011;6.297E+12;Saudi Virgin Mobile Voucher SR 20; Virgin Mobile;SAR;20;
6013;6.297E+12;Saudi Virgin Mobile Voucher SR 100; Virgin Mobile;SAR;100;
6470;9.11112E+12;Zain Internet Recharge Card 100GB–1 Month; Zain - Saudi Arabia;SAR;184;
6524;9.11112E+12;Zain Card SR 345; Zain - Saudi Arabia;SAR;345;
6851;9.11112E+12;Zain Flex 99; Zain - Saudi Arabia;SAR;113.85;
6339;9.11112E+12;Zain Shabab 59; Zain - Saudi Arabia;SAR;67.85;
6850;9.11112E+12;Zain Flex 29; Zain - Saudi Arabia;SAR;33.35;
6738;9.11112E+12;Zain Shabab 179; Zain - Saudi Arabia;SAR;205.85;
5862;9.11112E+12;Zain Internet Recharge Card 100GB + 100GB YT&FB&TK For 3 Months; Zain - Saudi Arabia;SAR;343.85;
6545;9.11112E+12;Zain 5G Unlimited - 3 Months; Zain - Saudi Arabia;SAR;1148.85;
6735;9.11112E+12;Zain Shabab 69; Zain - Saudi Arabia;SAR;79.35;
6852;9.11112E+12;Zain Flex 319; Zain - Saudi Arabia;SAR;366.85;
6737;9.11112E+12;Zain Shabab 149; Zain - Saudi Arabia;SAR;171.35;
6660;9.11112E+12;Zain Internet Recharge Card 150GB + 150GB YT&FB&TK For 3 Months; Zain - Saudi Arabia;SAR;458.85;
6596;9.11112E+12;Zain Shabab 199; Zain - Saudi Arabia;SAR;228.85;
6469;9.11112E+12;Zain Internet Recharge Card 75GB + 75GB YT&FB&TK For 2 Months; Zain - Saudi Arabia;SAR;228.85;
6520;9.11112E+12;Zain Card SR 34.5; Zain - Saudi Arabia;SAR;34.5;
6522;9.11112E+12;Zain Card SR 115; Zain - Saudi Arabia;SAR;115;
6734;9.11112E+12;Zain Shabab 39; Zain - Saudi Arabia;SAR;44.85;
6467;9.11112E+12;Zain Internet Recharge Card 25GB + 25GB YT&FB&TK For 1 Month; Zain - Saudi Arabia;SAR;113.85;
6521;9.11112E+12;Zain Card SR 57.5; Zain - Saudi Arabia;SAR;57.5;
5842;9.11112E+12;Zain Internet Recharge Card 300GB–3 Months; Zain - Saudi Arabia;SAR;517.5;
6736;9.11112E+12;Zain Shabab 99; Zain - Saudi Arabia;SAR;113.85;
6527;9.11112E+12;Zain Card SR 575; Zain - Saudi Arabia;SAR;575;
6984;9.11112E+12;Zain Internet Recharge Card 30GB + 30GB YT&FB&TK For 3 Months; Zain - Saudi Arabia;SAR;201.25;
6523;9.11112E+12;Zain Card SR 230; Zain - Saudi Arabia;SAR;230;
2906;9.11112E+12;Zain Card SR 20 ; Zain - Saudi Arabia;SAR;20;
6849;9.11112E+12;Zain Flex 19; Zain - Saudi Arabia;SAR;21.85;
6525;9.11112E+12;Zain Card SR 460; Zain - Saudi Arabia;SAR;460;
5843;9.11112E+12;Zain Internet Recharge Card Unlimited–1 Month; Zain - Saudi Arabia;SAR;373.75;
5164;6.2811E+12;Adrenaline - 2000 Points Card;Adrenaline;SAR;897;
5163;6.2811E+12;Adrenaline - 1000 Points Card;Adrenaline;SAR;448.5;
5428;6.2811E+12;Adrenaline - 100 points card;Adrenaline;SAR;44.85;
5161;6.2811E+12;Adrenaline - 250 Points Card;Adrenaline;SAR;112.125;
5403;6.2811E+12;Adrenaline - 50 Points Card;Adrenaline;SAR;23;
5162;6.2811E+12;Adrenaline - 500 Points Card;Adrenaline;SAR;224.25;
6427;6.2811E+12;Al Nahdi GiftCard SAR 50;Al Nahdi;SAR;50;
6429;6.2811E+12;Al Nahdi GiftCard SAR 200;Al Nahdi;SAR;200;
6428;6.2811E+12;Al Nahdi GiftCard SAR 100;Al Nahdi;SAR;100;
6672;4.25176E+12;Amazon (KSA) Gift Card - SAR 500;Amazon Gift Cards KSA Store;SAR;500;
6668;4.25176E+12;Amazon (KSA) Gift Card - SAR 100;Amazon Gift Cards KSA Store;SAR;100;
6670;4.25176E+12;Amazon (KSA) Gift Card - SAR 250;Amazon Gift Cards KSA Store;SAR;250;
6666;4.25176E+12;Amazon (KSA) Gift Card - SAR 50;Amazon Gift Cards KSA Store;SAR;50;
6673;6.2811E+12;Amazon (UAE) Gift Card - AED 500;Amazon Gift Cards UAE Store;AED;534.037;
6669;6.2811E+12;Amazon (UAE) Gift Card - AED 100;Amazon Gift Cards UAE Store;AED;106.807;
6671;6.2811E+12;Amazon (UAE) Gift Card - AED 250;Amazon Gift Cards UAE Store;AED;267.018;
6667;6.2811E+12;Amazon (UAE) Gift Card - AED 50;Amazon Gift Cards UAE Store;AED;53.404;
6558;6.2811E+12;Amazon (US) Gift Card - USD 5;Amazon Gift Cards US Store;SAR;18.75;
6559;6.2811E+12;Amazon (US) Gift Card - USD 75;Amazon Gift Cards US Store;SAR;281;
998;6.2811E+12;Amazon (US) Gift Card - USD 50;Amazon Gift Cards US Store;SAR;226.025;
6459;6.2811E+12;Amazon (US) Gift Card - USD 10;Amazon Gift Cards US Store;SAR;40.375;
6560;6.2811E+12;Amazon (US) Gift Card - USD 100;Amazon Gift Cards US Store;SAR;375;
6561;6.2811E+12;Amazon (US) Gift Card - USD 150;Amazon Gift Cards US Store;SAR;562.5;
4617;6.2811E+12;Amazon (US) Gift Card - USD 25;Amazon Gift Cards US Store;SAR;93.75;
6732;6.2811E+12;Anghami Plus Subscription for - 3 Months (KSA Store);Anghami KSA Store;SAR;64.986;
6731;6.2811E+12;Anghami Plus Subscription for - 1 Month (KSA Store);Anghami KSA Store;SAR;21.988;
6733;6.2811E+12;Anghami Plus Subscription for - 6 Months (KSA Store);Anghami KSA Store;SAR;107.985;
6730;6.2811E+12;Anghami Plus Subscription for - 12 Months (KSA Store);Anghami KSA Store;SAR;194.994;
6770;6.2811E+12;Anghami Plus Subscription for - 1 Months (UAE Store);Anghami UAE Store;AED;23.252;
6773;6.2811E+12;Anghami Plus Subscription for - 12 Months (UAE Store);Anghami UAE Store;AED;202.359;
6771;6.2811E+12;Anghami Plus Subscription for - 3 Months (UAE Store);Anghami UAE Store;AED;67.449;
6772;6.2811E+12;Anghami Plus Subscription for - 6 Months (UAE Store);Anghami UAE Store;AED;112.806;
7399;6.28704E+12;Anoosh GiftCard SAR 1000;Anoosh;SAR;1150;
7137;6.28704E+12;Anoosh GiftCard SAR 25;Anoosh;SAR;25;
7398;6.28704E+12;Anoosh GiftCard SAR 500;Anoosh;SAR;500;
7396;6.28704E+12;Anoosh GiftCard SAR 100;Anoosh;SAR;100;
7397;6.28704E+12;Anoosh GiftCard SAR 250;Anoosh;SAR;287.5;
6762;6.2811E+12;Apex Legends (Global) - 4350 Coins;Apex Legends Global;SAR;172.5;
6760;6.2811E+12;Apex Legends (Global) - 1000 Coins;Apex Legends Global;SAR;43.125;
6761;6.2811E+12;Apex Legends (Global) - 2150 Coins;Apex Legends Global;SAR;86.25;
6763;6.2811E+12;Apex Legends (Global) - 6700 Coins;Apex Legends Global;SAR;258.75;
5365;6.2811E+12;Arafiesta - 1000 points card;Arafiesta;SAR;448.5;
5363;6.2811E+12;Arafiesta - 250 points card;Arafiesta;SAR;112.125;
5362;6.2811E+12;Arafiesta - 100  points card;Arafiesta;SAR;44.85;
5372;6.2811E+12;Arafiesta - 50 points card;Arafiesta;SAR;23;
5364;6.2811E+12;Arafiesta - 500 points Card;Arafiesta;SAR;224.25;
6749;6.2811E+12;Batelco BHD 3;Batelco - Bahrain;SAR;34.845;
6750;6.2811E+12;Batelco BHD 4;Batelco - Bahrain;SAR;46.46;
6395;6.2811E+12;Batelco BHD 10;Batelco - Bahrain;SAR;116.15;
6748;6.2811E+12;Batelco BHD 2;Batelco - Bahrain;SAR;23.23;
6394;6.2811E+12;Batelco BHD 5;Batelco - Bahrain;SAR;58.075;
6393;6.2811E+12;Batelco BHD 1;Batelco - Bahrain;SAR;11.615;
5779;6.2811E+12;BindaazCall Recharge Card - $10;Bindaaz Call;SAR;34.5;
6994;6.28704E+12;Blizzard GiftCard $50;Blizzard GiftCards;SAR;187.5;
6993;6.28704E+12;Blizzard GiftCard $20;Blizzard GiftCards;SAR;75;
5597;6.2811E+12;Careem Captains Prepaid Card – SAR 100;Careem Captains Cards;SAR;100;
5598;6.2811E+12;Careem Captains Prepaid Card – SAR 50;Careem Captains Cards;SAR;50;
5595;6.2811E+12;Careem Captains Prepaid Card – SAR 500;Careem Captains Cards;SAR;500;
5596;6.2811E+12;Careem Captains Prepaid Card – SAR 200;Careem Captains Cards;SAR;200;
6727;6.2811E+12;Careem Top-up Voucher for Customers SAR50;Careem Top-up For Customers;SAR;50;
6329;6.2811E+12;Careem Top-up Voucher for Customers SAR200;Careem Top-up For Customers;SAR;200;
6330;6.2811E+12;Careem Top-up Voucher for Customers SAR300;Careem Top-up For Customers;SAR;300;
6328;6.2811E+12;Careem Top-up Voucher for Customers SAR100;Careem Top-up For Customers;SAR;100;
7426;6.28704E+12;Carrefour GiftCard SR 100;Carrefour;SAR;100;
7425;6.28704E+12;Carrefour GiftCard SR 50;Carrefour;SAR;50;
7429;6.28704E+12;Carrefour GiftCard SR 1000;Carrefour;SAR;1000;
7428;6.28704E+12;Carrefour GiftCard SR 500;Carrefour;SAR;500;
7427;6.28704E+12;Carrefour GiftCard SR 250;Carrefour;SAR;250;
7208;6.28704E+12;Carrom Gold Card 1200000 Coin (International);Carrom Gold;SAR;82.225;
7206;6.28704E+12;Carrom Gold Card 235000 Coin (International);Carrom Gold;SAR;21.85;
7207;6.28704E+12;Carrom Gold Card 520000 Coin (International);Carrom Gold;SAR;41.4;
7204;6.28704E+12;Carrom Gold Card 40000 Coin (International);Carrom Gold;SAR;4.312;
7229;6.28704E+12;Carrom Gold Card 3700000 Coin (International);Carrom Gold;SAR;207;
7205;6.28704E+12;Carrom Gold Card 85000 Coin (International);Carrom Gold;SAR;8.625;
6444;6.2811E+12;CBS All Access Card $25;CBS All Access;SAR;93.75;
6443;6.2811E+12;CBS All Access Card $50.;CBS All Access;SAR;187.5;
2320;6.2811E+12;TQ Conquer Online - 1075 CP Card;Conquer Online;USD;71.715;
2319;6.2811E+12;TQ Conquer Online - 530 CP Card;Conquer Online;USD;35.835;
4359;6.2811E+12;TQ Conquer Online - 2050 CP Card;Conquer Online;USD;134.505;
5057;6.2811E+12;TQ Conquer Online - 4200 CP Card;Conquer Online;USD;269.055;
4356;6.2811E+12;TQ Conquer Online - 60 CP Card;Conquer Online;USD;4.485;
4357;6.2811E+12;TQ Conquer Online - 125 CP Card;Conquer Online;USD;8.925;
4358;6.2811E+12;TQ Conquer Online - 320 CP Card;Conquer Online;USD;22.38;
6646;6.2811E+12;Crunchyroll Store Giftcard $100 (US Store Works in USA Only);Crunchyroll USA Store;SAR;375;
6647;6.2811E+12;Crunchyroll Store Giftcard $50 (US Store Works in USA Only);Crunchyroll USA Store;SAR;187.5;
6648;6.2811E+12;Crunchyroll Store Giftcard $25 (US Store Works in USA Only);Crunchyroll USA Store;SAR;93.75;
6643;6.2811E+12;Crunchyroll Store Giftcard $10 (US Store Works in USA Only);Crunchyroll USA Store;SAR;37.5;
6413;6.2811E+12;Du Card AED 210 ;du;AED;224.295;
6414;6.2811E+12;du Card AED 525 ;du;AED;560.739;
6412;6.2811E+12;du Card AED 110 ;du;AED;117.488;
6410;6.2811E+12;du Card AED 25 ;du;AED;26.702;
6411;6.2811E+12;du Card AED 55 ;du;AED;58.744;
5573;6.2811E+12;USD60 EA Cash Cards (US);EA Play;USD;235.35;
6812;6.28704E+12;EA Play Card $25;EA Play;SAR;93.75;
6811;6.28704E+12;EA Play Card $15;EA Play;SAR;56.25;
5531;6.2811E+12;ebay - 150$;ebay;SAR;562.5;
6645;6.2811E+12;ebay - 10$;ebay;SAR;37.5;
5530;6.2811E+12;ebay - 40$;ebay;SAR;150;
6649;6.2811E+12;ebay - 100$;ebay;SAR;375;
6644;6.2811E+12;ebay - 5$;ebay;SAR;18.75;
5837;6.2811E+12;Etisalat UAE Card - AED 110;Etisalat UAE;AED;134.336;
5836;6.2811E+12;Etisalat UAE Card - AED 55;Etisalat UAE;AED;67.168;
5835;6.2811E+12;Etisalat UAE Card - AED 30 ;Etisalat UAE;AED;36.637;
5838;6.2811E+12;Etisalat UAE Card - 210 AED;Etisalat UAE;AED;256.46;
7163;6.28704E+12;FIFA 23 STANDARD EDITION Xbox One (Saudi Store) - For Xbox;FIFA 23 KSA Store - For Xbox;SAR;269.986;
7167;6.28704E+12;FIFA 23 12000 FIFA Points (Saudi Store) - For Xbox;FIFA 23 KSA Store - For Xbox;SAR;400.004;
7164;6.28704E+12;FIFA 23 STANDARD EDITION Series XS (Saudi Store) - For Xbox;FIFA 23 KSA Store - For Xbox;SAR;299.989;
7166;6.28704E+12;FIFA 23 5900 FIFA Points (Saudi Store) - For Xbox;FIFA 23 KSA Store - For Xbox;SAR;199.996;
7165;6.28704E+12;FIFA 23 2800 FIFA Points (Saudi Store) - For Xbox;FIFA 23 KSA Store - For Xbox;SAR;100.004;
7170;6.28704E+12;FIFA 23 2800 FIFA Points (UAE Store) - For Xbox;FIFA 23 UAE Store - For Xbox;AED;116.311;
7168;6.28704E+12;FIFA 23 STANDARD EDITION Xbox One (UAE Store) - For Xbox;FIFA 23 UAE Store - For Xbox;AED;314.017;
7171;6.28704E+12;FIFA 23 5900 FIFA Points (UAE Store) - For Xbox;FIFA 23 UAE Store - For Xbox;AED;232.622;
7172;6.28704E+12;FIFA 23 12000 FIFA Points (UAE Store) - For Xbox;FIFA 23 UAE Store - For Xbox;AED;465.231;
7169;6.28704E+12;FIFA 23 STANDARD EDITION Series XS (UAE Store) - For Xbox;FIFA 23 UAE Store - For Xbox;AED;348.908;
6482;6.2811E+12;Fortnite $40 - 5000 V-Bucks - Supported All Devices (United States store);Fortnite;SAR;150;
6481;6.2811E+12;Fortnite $25 - 2800 V-Bucks - Supported All Devices (United States store);Fortnite;SAR;93.75;
6483;6.2811E+12;Fortnite $100 - 13500 V-Bucks - Supported All Devices (United States store);Fortnite;SAR;375;
6388;6.2811E+12;Free Fire 1080 Diamonds;Free Fire;SAR;37.5;
6385;6.2811E+12;Free Fire 100 Diamonds;Free Fire;SAR;3.75;
6389;6.2811E+12;Free Fire 2200 Diamonds;Free Fire;SAR;75;
6386;6.2811E+12;Free Fire 210 Diamonds;Free Fire;SAR;7.5;
6387;6.2811E+12;Free Fire 530 Diamonds;Free Fire;SAR;18.75;
3648;6.2811E+12;Arabic Rappelz - 100 Points Card;GamePower 7 Cards;SAR;44.85;
5396;6.2811E+12;Arabic Rappelz - 50 Points Card;GamePower 7 Cards;SAR;23;
3634;6.2811E+12;Arabic Rappelz - 500 Points Card;GamePower 7 Cards;SAR;224.25;
3644;6.2811E+12;Arabic Rappelz - 2000 Points Card;GamePower 7 Cards;SAR;897;
3649;6.2811E+12;Arabic Rappelz - 1000 Points Card;GamePower 7 Cards;SAR;448.5;
3633;6.2811E+12;Arabic Rappelz - 250 Points Card;GamePower 7 Cards;SAR;112.125;
7074;6.2811E+12;GameStop Gift Card $50;GameStop;SAR;187.5;
7073;6.2811E+12;GameStop Gift Card $25;GameStop;SAR;93.75;
7072;6.2811E+12;GameStop Gift Card $10;GameStop;SAR;37.5;
7071;6.2811E+12;GameStop Gift Card $5;GameStop;SAR;18.75;
5778;6.2811E+12;Go Golden 200 GB -  6 months;Go Telecom;SAR;750;
7156;6.28704E+12;Go Unlimited for 3 Months;Go Telecom;SAR;832.6;
7157;6.28704E+12;Go Unlimited for 6 Months;Go Telecom;SAR;1446.01;
6759;6.2811E+12;Google Play EUR 50  (French Store Works in France Only);Google Play French Store;SAR;236.95;
6758;6.2811E+12;Google Play EUR 25  (French Store Works in France Only);Google Play French Store;SAR;119.05;
6757;6.2811E+12;Google Play EUR 10  (French Store Works in France Only);Google Play French Store;SAR;47.965;
6756;6.2811E+12;Google Play EUR 5  (French Store Works in France Only);Google Play French Store;SAR;24.27;
6215;4.2514E+12;Google Play Gift Card SAR400 (Saudi Store Works in KSA Only);Google Play KSA Store;SAR;400;
6831;6.2811E+12;Google Play Gift Card SAR 5 (KSA Store);Google Play KSA Store;SAR;5;
6000;4.2514E+12;Google Play Gift Card SAR50 (KSA Store);Google Play KSA Store;SAR;50;
6302;6.2811E+12;Google Play Gift Card SAR200 (Saudi Store Works in KSA Only);Google Play KSA Store;SAR;200;
5999;4.2514E+12;GooglePlay Gift Card SAR20 (KSA Store);Google Play KSA Store;SAR;20;
6214;4.2514E+12;Google Play Gift Card SAR300 (Saudi Store Works in KSA Only);Google Play KSA Store;SAR;300;
6213;4.2514E+12;Google Play Gift Card SAR100 (Saudi Store Works in KSA Only);Google Play KSA Store;SAR;100;
6301;4.2514E+12;Google Play Gift Card SAR75 (Saudi Store Works in KSA Only);Google Play KSA Store;SAR;75;
6718;6.2811E+12;Google Play Gift Code 500AED (UAE Store Works in UAE Only);Google Play UAE Store;AED;534.037;
6477;6.2811E+12;Google Play Gift Code 100AED (UAE Store Works in UAE Only);Google Play UAE Store;AED;108.339;
6476;6.2811E+12;Google Play Gift Code 50AED (UAE Store Works in UAE Only);Google Play UAE Store;AED;53.404;
7202;6.28704E+12;Google Play Gift Code 300AED (UAE Store Works in UAE Only).;Google Play UAE Store;AED;320.422;
6475;6.2811E+12;Google Play Gift Code 30AED (UAE Store Works in UAE Only);Google Play UAE Store;AED;32.042;
6578;6.2811E+12;Google Play GBP50 (UK Store Works in UK Only);Google Play UK Store;SAR;281.65;
6576;6.2811E+12;Google Play GBP10 (UK Store Works in UK Only);Google Play UK Store;SAR;58.6;
6577;6.2811E+12;Google Play GBP25 (UK Store Works in UK Only);Google Play UK Store;SAR;143.05;
4618;6.2811E+12;Google Play $10 (US Store Works in USA Only);Google Play US Store;SAR;37.5;
4620;6.2811E+12;Google Play $50 (US Store Works in USA Only);Google Play US Store;SAR;187.5;
5432;6.2811E+12;Google Play $15 (US Store Works in USA Only);Google Play US Store;SAR;56.25;
6355;6.2811E+12;Google Play $5 (US Store Works in USA Only);Google Play US Store;SAR;19.548;
6597;6.2811E+12;Google Play $20 (US Store Works in USA Only);Google Play US Store;SAR;75;
4775;6.2811E+12;Google Play $25 (US Store Works in USA Only);Google Play US Store;SAR;93.75;
6636;6.2811E+12;Green Man Gaming GiftCard $20;Green Man;SAR;75;
6634;6.2811E+12;Green Man Gaming GiftCard $5;Green Man;SAR;18.75;
6638;6.2811E+12;Green Man Gaming GiftCard $50;Green Man;SAR;187.5;
6640;6.2811E+12;Green Man Gaming GiftCard $40;Green Man;SAR;150;
6637;6.2811E+12;Green Man Gaming GiftCard $30;Green Man;SAR;112.5;
6635;6.2811E+12;Green Man Gaming GiftCard $10;Green Man;SAR;37.5;
6639;6.2811E+12;Green Man Gaming GiftCard $100;Green Man;SAR;375;
6985;6.28704E+12;Huawei Gift Card SAR 10 (KSA Store);Huawei Gift Cards ;SAR;10;
6989;6.28704E+12;Huawei Gift Card AED 10 (UAE Store);Huawei Gift Cards ;AED;10.681;
7026;6.28704E+12;Huawei Gift Card IQD 3500 (Iraq Store);Huawei Gift Cards ;SAR;9;
6066;6.28704E+12;Huawei Gift Card EGP 100;Huawei Gift Cards ;EGP;12.695;
7029;6.28704E+12;Huawei Gift Card IQD 30000 (Iraq Store);Huawei Gift Cards ;SAR;76.9;
6988;6.28704E+12;Huawei Gift Card SAR 100 (KSA Store);Huawei Gift Cards ;SAR;100;
6991;6.28704E+12;Huawei Gift Card AED 50 (UAE Store);Huawei Gift Cards ;AED;53.404;
6987;6.28704E+12;Huawei Gift Card SAR 50 (KSA Store);Huawei Gift Cards ;SAR;50;
6990;6.28704E+12;Huawei Gift Card AED 25 (UAE Store);Huawei Gift Cards ;AED;26.702;
6992;6.28704E+12;Huawei Gift Card AED 100 (UAE Store);Huawei Gift Cards ;AED;106.807;
6065;6.28704E+12;Huawei Gift Card EGP 50;Huawei Gift Cards ;EGP;7.87;
7028;6.28704E+12;Huawei Gift Card IQD 15000 (Iraq Store);Huawei Gift Cards ;SAR;38.45;
6986;6.28704E+12;Huawei Gift Card SAR 25 (KSA Store);Huawei Gift Cards ;SAR;25;
7027;6.28704E+12;Huawei Gift Card IQD 8000 (Iraq Store);Huawei Gift Cards ;SAR;20.52;
6325;6.2811E+12;Hulu Card $25;Hulu;SAR;93.75;
6327;6.2811E+12;Hulu Card $50;Hulu;SAR;187.5;
6268;6.2811E+12;Hunger Station Drivers Voucher SR10;Hunger Station Drivers Vouchers;SAR;10;
6267;6.2811E+12;Hunger Station Drivers Voucher SR5;Hunger Station Drivers Vouchers;SAR;5;
6269;6.2811E+12;Hunger Station Drivers Voucher SR50;Hunger Station Drivers Vouchers;SAR;50;
6273;6.2811E+12;Hunger Station Drivers Voucher SR1000;Hunger Station Drivers Vouchers;SAR;1000;
6271;6.2811E+12;Hunger Station Drivers Voucher SR200;Hunger Station Drivers Vouchers;SAR;200;
6270;6.2811E+12;Hunger Station Drivers Voucher SR100;Hunger Station Drivers Vouchers;SAR;100;
6272;6.2811E+12;Hunger Station Drivers Voucher SR500;Hunger Station Drivers Vouchers;SAR;500;
7288;6.28704E+12;IMO Card $10 (INT);IMO;SAR;37.5;
7289;6.28704E+12;IMO Card $50 (INT);IMO;SAR;187.5;
7286;6.28704E+12;IMO Card $1 (INT);IMO;SAR;3.75;
7290;6.28704E+12;IMO Card $100 (INT);IMO;SAR;375;
7287;6.28704E+12;IMO Card $5 (INT);IMO;SAR;18.75;
6426;6.28704E+12;iTunes Gift Card EUR 50 (France Store);iTunes Gift Cards France Store;EUR;214.258;
6425;6.28704E+12;iTunes Gift Card EUR 25 (France Store);iTunes Gift Cards France Store;EUR;116.291;
6424;6.28704E+12;iTunes Gift Card EUR 10 (France Store);iTunes Gift Cards France Store;EUR;50.054;
6305;6.2811E+12;iTunes gift card SAR75- (Saudi Store Only);iTunes Gift Cards KSA Store;SAR;75;
6218;5.45054E+12;iTunes Gift Card SAR500 - (Saudi Store).;iTunes Gift Cards KSA Store;SAR;500;
6307;6.2811E+12;iTunes gift card SAR750- (Saudi Store Only);iTunes Gift Cards KSA Store;SAR;750;
6308;6.2811E+12;iTunes gift card SAR1000- (Saudi Store Only);iTunes Gift Cards KSA Store;SAR;1000;
6216;5.45054E+12;iTunes  Gift Card SAR100 - (Saudi Store).;iTunes Gift Cards KSA Store;SAR;100;
6217;5.45054E+12;iTunes  Gift Card SAR250 - (Saudi Store).;iTunes Gift Cards KSA Store;SAR;250;
6280;6.2811E+12;iTunes gift card SAR50- (Saudi Store Only);iTunes Gift Cards KSA Store;SAR;50;
6306;6.2811E+12;iTunes gift card SAR150- (Saudi Store Only);iTunes Gift Cards KSA Store;SAR;150;
6479;6.2811E+12;iTunes  Gift Card AED100 - (UAE Store);iTunes Gift Cards UAE Store;AED;106.501;
6480;6.2811E+12;iTunes  Gift Card AED250 - (UAE Store);iTunes Gift Cards UAE Store;AED;266.253;
6665;6.2811E+12;iTunes  Gift Card AED500 - (UAE Store);iTunes Gift Cards UAE Store;AED;534.037;
6478;6.2811E+12;iTunes  Gift Card AED50 - (UAE Store);iTunes Gift Cards UAE Store;AED;53.251;
3252;6.2811E+12;Apple & iTunes Giftcard $25 (US Store);iTunes Gift Cards US Store;SAR;93.75;
5753;6.2811E+12;Apple Music - 12 Months Membership Gift Card;iTunes Gift Cards US Store;SAR;426.938;
5717;6.2811E+12;Apple & iTunes Giftcard $400 (US Store);iTunes Gift Cards US Store;SAR;1500;
5126;6.2811E+12;Apple & iTunes Giftcard $100 (US Store);iTunes Gift Cards US Store;SAR;375;
5718;6.2811E+12;Apple & iTunes Giftcard $500 (US Store);iTunes Gift Cards US Store;SAR;1875;
5992;6.2811E+12;Apple Music - 3 Months Membership Gift Card;iTunes Gift Cards US Store;SAR;129.329;
3251;6.2811E+12;Apple & iTunes Giftcard $15 (US Store);iTunes Gift Cards US Store;SAR;56.25;
6282;6.2811E+12;iTunes Gift Card $2 (US Store);iTunes Gift Cards US Store;SAR;7.5;
4235;6.2811E+12;Apple & iTunes Giftcard $10 (US Store);iTunes Gift Cards US Store;SAR;37.5;
4967;6.2811E+12;Apple & iTunes Giftcard $50 (US Store);iTunes Gift Cards US Store;SAR;187.5;
5522;6.2811E+12;Apple & iTunes Giftcard $5 (US Store);iTunes Gift Cards US Store;SAR;18.75;
5524;6.2811E+12;Apple & iTunes Giftcard $40 (US Store);iTunes Gift Cards US Store;SAR;150;
5523;6.2811E+12;Apple & iTunes Giftcard $20 (US Store);iTunes Gift Cards US Store;SAR;75;
6112;6.2811E+12;Apple & iTunes Giftcard $250 (US Store);iTunes Gift Cards US Store;SAR;937.5;
5716;6.2811E+12;Apple & iTunes Giftcard $300 (US Store);iTunes Gift Cards US Store;SAR;1125;
6304;6.2811E+12;iTunes Gift Card $3 (US Store);iTunes Gift Cards US Store;SAR;11.25;
5527;6.2811E+12;Apple & iTunes Giftcard $200 (US Store);iTunes Gift Cards US Store;SAR;750;
6077;6.2811E+12;Apple & iTunes Giftcard $30 (US Store);iTunes Gift Cards US Store;SAR;112.669;
5526;6.2811E+12;Apple & iTunes Giftcard $150 (US Store);iTunes Gift Cards US Store;SAR;562.5;
6303;6.2811E+12;iTunes Gift Card $4 (US Store);iTunes Gift Cards US Store;SAR;15;
5525;6.2811E+12;Apple & iTunes Giftcard $60 (US Store);iTunes Gift Cards US Store;SAR;225;
6547;6.2811E+12;Apple & iTunes Giftcard $450 (US Store);iTunes Gift Cards US Store;SAR;1687.5;
5060;6.2811E+12;Two Years subscription for one device can be used on Windows Mac Android phones & Tablets;iZone Cloud;SAR;310.5;
5059;6.2811E+12;One year subscription for one device can be used on Windows Mac Android phones & Tablets;iZone Cloud;SAR;207;
5061;6.2811E+12;Three years subscription for One Device can be used on Windows Mac Android phones & Tablets;iZone Cloud;SAR;412.85;
5943;6.2811E+12;iZone Protect Gold-6 Months Subscription;iZone Protect ;AED;101.363;
5944;6.2811E+12;iZone Protect-1 Year Subscription ;iZone Protect ;AED;206.389;
6995;6.28704E+12;Jarir E-GiftCard SAR 30;Jarir Giftcards;SAR;30;
6999;6.28704E+12;Jarir E-GiftCard SAR 300;Jarir Giftcards;SAR;300;
6997;6.28704E+12;Jarir E-GiftCard SAR 100;Jarir Giftcards;SAR;100;
6998;6.28704E+12;Jarir E-GiftCard SAR 150;Jarir Giftcards;SAR;150;
7001;6.28704E+12;Jarir E-GiftCard SAR 1000;Jarir Giftcards;SAR;1000;
6996;6.28704E+12;Jarir E-GiftCard SAR 50;Jarir Giftcards;SAR;50;
7000;6.28704E+12;Jarir E-GiftCard SAR 500;Jarir Giftcards;SAR;500;
6787;6.2811E+12;Jawaker Card - 400000 Token;Jawaker;SAR;187.5;
6788;6.2811E+12;Jawaker Card - 525000 Token;Jawaker;SAR;243.75;
6784;6.2811E+12;Jawaker Card - 70000 Token;Jawaker;SAR;37.5;
6783;6.2811E+12;Jawaker Card - 32500 Token;Jawaker;SAR;18.75;
6789;6.2811E+12;Jawaker Card - 825000 Token;Jawaker;SAR;375;
6782;6.2811E+12;Jawaker Card - 4250 Token;Jawaker;SAR;3.75;
6786;6.2811E+12;Jawaker Card - 230000 Token;Jawaker;SAR;112.5;
6785;6.2811E+12;Jawaker Card - 150000 Token;Jawaker;SAR;75;
7317;4.40002E+11;Jawwy TV Lite 12 months subscriptiont- EGP Store;Jawwy TV - Egypt ;EGP;16.693;
7321;6.40002E+11;Jawwy TV Premium 3 months subscription- EGP Store;Jawwy TV - Egypt ;EGP;32.66;
7322;7.40002E+11;Jawwy TV Premium 6 months subscription- EGP Store;Jawwy TV - Egypt ;EGP;55.158;
7319;1.14E+12;Jawwy TV Classic 6 months subscription- EGP Store;Jawwy TV - Egypt ;EGP;32.66;
7320;1.24E+12;Jawwy TV Classic 12 months subscription- EGP Store;Jawwy TV - Egypt ;EGP;54.433;
7315;2.40002E+11;Jawwy TV Lite 3 months subscription- EGP Store;Jawwy TV - Egypt ;EGP;5.805;
7318;1.04E+12;Jawwy TV Classic 3 months subscription- EGP Store;Jawwy TV - Egypt ;EGP;18.869;
7316;3.40002E+11;Jawwy TV Lite 6 months subscription- EGP Store;Jawwy TV - Egypt ;EGP;10.159;
7323;8.40002E+11;Jawwy TV Premium 12 months subscription- EGP Store;Jawwy TV - Egypt ;EGP;92.174;
7386;6.28704E+12;Jawwy TV Premium 3 months subscription- Iraq Store;Jawwy TV - Iraq;SAR;79.776;
7387;6.28704E+12;Jawwy TV Premium 6 months subscription- Iraq Store;Jawwy TV - Iraq;SAR;135.907;
7382;6.28704E+12;Jawwy TV Lite 12 months subscription- Iraq Store;Jawwy TV - Iraq;SAR;40.768;
7381;6.28704E+12;Jawwy TV Lite 6 months subscription- Iraq Store;Jawwy TV - Iraq;SAR;24.817;
7388;6.28704E+12;Jawwy TV Premium 12 months subscription- Iraq Store;Jawwy TV - Iraq;SAR;223.066;
7384;6.28704E+12;Jawwy TV Classic 6 months subscription- Iraq Store;Jawwy TV - Iraq;SAR;79.776;
7385;6.28704E+12;Jawwy TV Classic 12 months subscription- Iraq Store;Jawwy TV - Iraq;SAR;132.952;
7380;6.28704E+12;Jawwy TV Lite 3 months subscription- Iraq Store;Jawwy TV - Iraq;SAR;14.18;
7383;6.28704E+12;Jawwy TV Classic 3 months subscription- Iraq Store;Jawwy TV - Iraq;SAR;46.529;
7378;6.28704E+12;Jawwy TV Premium 6 months subscription- Jordan Store;Jawwy TV - Jordan;SAR;170.246;
7373;6.28704E+12;Jawwy TV Lite 12 months subscription- Jordan Store;Jawwy TV - Jordan;SAR;51.704;
7379;6.28704E+12;Jawwy TV Premium 12 months subscription- Jordan Store;Jawwy TV - Jordan;SAR;285.821;
7375;6.28704E+12;Jawwy TV Classic 6 months subscription- Jordan Store;Jawwy TV - Jordan;SAR;100.36;
7376;6.28704E+12;Jawwy TV Classic 12 months subscription- Jordan Store;Jawwy TV - Jordan;SAR;170.246;
7377;6.28704E+12;Jawwy TV Premium 3 months subscription- Jordan Store;Jawwy TV - Jordan;SAR;103.339;
7371;6.28704E+12;Jawwy TV Lite 3 months subscription- Jordan Store;Jawwy TV - Jordan;SAR;18.182;
7374;6.28704E+12;Jawwy TV Classic 3 months subscription- Jordan Store;Jawwy TV - Jordan;SAR;59.306;
7372;6.28704E+12;Jawwy TV Lite 6 months subscription- Jordan Store;Jawwy TV - Jordan;SAR;30.348;
7362;6.28704E+12;Jawwy TV Lite 3 months subscription- Oman Store;Jawwy TV - Oman;SAR;35.846;
7369;6.28704E+12;Jawwy TV Premium 6 months subscription- Oman Store;Jawwy TV - Oman;SAR;335.915;
7363;6.28704E+12;Jawwy TV Lite 6 months subscription- Oman Store;Jawwy TV - Oman;SAR;61.606;
7370;6.28704E+12; Jawwy TV Premium 12 months subscription- Oman Store;Jawwy TV - Oman;SAR;559.946;
7367;6.28704E+12;Jawwy TV Classic 12 months subscription- Oman Store;Jawwy TV - Oman;SAR;335.915;
7368;6.28704E+12; Jawwy TV Premium 3 months subscription- Oman Store;Jawwy TV - Oman;SAR;201.618;
7364;6.28704E+12;Jawwy TV Lite 12 months subscription- Oman Store;Jawwy TV - Oman;SAR;100.694;
7365;6.28704E+12;Jawwy TV Classic 3 months subscription- Oman Store;Jawwy TV - Oman;SAR;117.61;
7366;6.28704E+12;Jawwy TV Classic 6 months subscription- Oman Store;Jawwy TV - Oman;SAR;201.618;
7351;6.28704E+12;Jawwy TV Premium 6 months subscription- Tunisia Store;Jawwy TV - Tunisia;SAR;101.855;
7348;6.28704E+12;Jawwy TV Classic 6 months subscription- Tunisia Store;Jawwy TV - Tunisia;SAR;59.996;
7347;6.28704E+12;Jawwy TV Classic 3 months subscription- Tunisia Store;Jawwy TV - Tunisia;SAR;34.88;
7344;6.28704E+12;Jawwy TV Lite 3 months subscription- Tunisia Store;Jawwy TV - Tunisia;SAR;10.81;
7350;6.28704E+12;Jawwy TV Premium 3 months subscription- Tunisia Store;Jawwy TV - Tunisia;SAR;59.996;
7352;6.28704E+12;Jawwy TV Premium 12 months subscription- Tunisia Store;Jawwy TV - Tunisia;SAR;167.417;
7346;6.28704E+12;Jawwy TV Lite 12 months subscription- Tunisia Store;Jawwy TV - Tunisia;SAR;30.682;
7349;6.28704E+12;Jawwy TV Classic 12 months subscription- Tunisia Store;Jawwy TV - Tunisia;SAR;97.658;
7345;6.28704E+12;Jawwy TV Lite 6 months subscription- Tunisia Store;Jawwy TV - Tunisia;SAR;18.837;
7330;6.28704E+12;Jawwy TV Premium 3 months subscription (UAE Store);Jawwy TV - UAE;AED;219.823;
7325;6.28704E+12;Jawwy TV Lite 6 months subscription (UAE Store);Jawwy TV - UAE;AED;67.168;
7329;6.28704E+12;Jawwy TV Classic 12 months subscription (UAE Store);Jawwy TV - UAE;AED;366.359;
7328;6.28704E+12;Jawwy TV Classic 6 months subscription (UAE Store);Jawwy TV - UAE;AED;219.823;
7324;6.28704E+12;Jawwy TV Lite 3 months subscription (UAE Store);Jawwy TV - UAE;AED;39.08;
7327;6.28704E+12;Jawwy TV Classic 3 months subscription (UAE Store);Jawwy TV - UAE;AED;128.23;
7332;6.28704E+12;Jawwy TV Premium 12 months subscription (UAE Store);Jawwy TV - UAE;AED;610.607;
7331;6.28704E+12;Jawwy TV Premium 6 months subscription (UAE Store);Jawwy TV - UAE;AED;372.478;
7326;6.28704E+12;Jawwy TV Lite 12 months subscription (UAE Store);Jawwy TV - UAE;AED;109.899;
6322;6.2811E+12;Jeeny Card SAR80;Jeeny;SAR;80;
6321;6.2811E+12;Jeeny Card SAR40;Jeeny;SAR;40;
3705;6.2811E+12;Jumblo EUR 10 Voucher;Jumblo;EUR;53.896;
4355;6.2811E+12;Jumblo EUR 50 Voucher;Jumblo;EUR;269.481;
3706;6.2811E+12;Jumblo EUR 25 Voucher;Jumblo;EUR;134.741;
6791;6.28704E+12;Kalyan Jewellers GiftCard - KWD 10;Kalyan;KWD;128.033;
6794;6.28704E+12;Kalyan Jewellers GiftCard - KWD 100;Kalyan;KWD;1280.327;
6792;6.28704E+12;Kalyan Jewellers GiftCard - KWD 30;Kalyan;KWD;384.098;
6793;6.28704E+12;Kalyan Jewellers GiftCard - KWD 50;Kalyan;KWD;640.164;
5528;6.2811E+12;Karma Koin $10;karma koin;USD;44.85;
5529;6.2811E+12;Karma Koin $25;karma koin;USD;98.063;
1201;6.2811E+12;Khan Wars - 3000 Coins;khanWars ;EUR;131.654;
1199;6.2811E+12;Khan Wars - 600 Coins;khanWars ;EUR;36.845;
1197;6.2811E+12;Khan Wars - 200 Coins;khanWars ;EUR;15.777;
1198;6.2811E+12;Khan Wars - 300 Coins;khanWars ;EUR;21.02;
1200;6.2811E+12;Khan Wars - 1000 Coins;khanWars ;EUR;52.622;
4656;6.2811E+12;LadyPopular card - 400 diamonds;Ladypopular 3 (Fashion Arena);EUR;131.703;
4655;6.2811E+12;LadyPopular card - 135 diamonds ;Ladypopular 3 (Fashion Arena);EUR;51.299;
4652;6.2811E+12;LadyPopular card - 27 diamonds;Ladypopular 3 (Fashion Arena);EUR;15.777;
4653;6.2811E+12;LadyPopular card - 40 diamonds;Ladypopular 3 (Fashion Arena);EUR;21.02;
5756;6.2811E+12;Lamsa - 12 Months subscription;Lamsa FZ-LLC;SAR;310.5;
4780;6.2811E+12;League Of Legends - $25 Card (North America);League of Legends - Riot;SAR;93.75;
6538;6.2811E+12;League Of Legends - €20 Card;League of Legends - Riot;SAR;91;
5540;6.2811E+12;League Of Legends - $50 Card (North America);League of Legends - Riot;SAR;187.5;
6537;6.2811E+12;League Of Legends - €10 Card;League of Legends - Riot;SAR;46.075;
4779;6.2811E+12;League Of Legends - $10 Card (North America);League of Legends - Riot;SAR;37.5;
7136;6.28704E+12;Legends of Runeterra 1950 (MENA);Legends of Runeterra;SAR;120.75;
7135;6.28704E+12;Legends of Runeterra 950 (MENA);Legends of Runeterra;SAR;60.375;
6007;6.28704E+12;Loops $150 - 17350 Coins;Loops;USD;588.375;
5994;6.28704E+12;Loops $15 - 1700 Coins;Loops;USD;58.838;
6006;6.28704E+12;Loops $80 - 9150 Coins;Loops;USD;313.8;
6438;6.2811E+12;Lords Mobile Card (Gem Packed);Lords Mobile;SAR;215.579;
6437;6.2811E+12;Lords Mobile Card (Bursting with Riches);Lords Mobile;SAR;86.204;
6433;6.2811E+12;Lords Mobile Card (Frosty Special);Lords Mobile;SAR;21.516;
6436;6.2811E+12;Lords Mobile Card (Boot Camp);Lords Mobile;SAR;86.204;
6435;6.2811E+12;Lords Mobile Card (Material Madness);Lords Mobile;SAR;86.204;
6434;6.2811E+12;Lords Mobile Card (Monster Slayer);Lords Mobile;SAR;21.516;
6439;6.2811E+12;Lords Mobile Card (Be a Champion!);Lords Mobile;SAR;431.204;
6391;6.2811E+12;Lucky BHD 5;Lucky - Bahrain;SAR;58.075;
6390;6.2811E+12;Lucky BHD 1;Lucky - Bahrain;SAR;11.615;
6392;6.2811E+12;Lucky BHD 10;Lucky - Bahrain;SAR;116.15;
7011;6.28704E+12;Ludo Club $20 - 4200 Cash;Ludo Club;SAR;75;
7010;6.28704E+12;Ludo Club $5 - 900 Cash;Ludo Club;SAR;18.75;
7012;6.28704E+12;Ludo Club $60 - 15000 Cash;Ludo Club;SAR;225;
7013;6.28704E+12;Ludo Club $100 - 28000 Cash;Ludo Club;SAR;375;
7003;6.28704E+12;Ludo Club $2 - 190K Coin;Ludo Club;SAR;7.5;
7006;6.28704E+12;Ludo Club $30 - 13.5M Coin;Ludo Club;SAR;112.5;
7007;6.28704E+12;Ludo Club $100 - 70M Coin;Ludo Club;SAR;375;
7009;6.28704E+12;Ludo Club $2 - 320 Cash;Ludo Club;SAR;7.5;
7002;6.28704E+12;Ludo Club $1 - 37.5K Coin;Ludo Club;SAR;3.75;
7005;6.28704E+12;Ludo Club $15 - 3.3M Coin;Ludo Club;SAR;56.25;
7004;6.28704E+12;Ludo Club $10 - 1.3M Coin;Ludo Club;SAR;37.5;
7008;6.28704E+12;Ludo Club $1 - 150 Cash;Ludo Club;SAR;3.75;
7403;6.28704E+12;Lulu GiftCard SAR 500;"LuLu Hypermarket	";SAR;500;
7401;6.28704E+12;LuLu GiftCard SAR 100;"LuLu Hypermarket	";SAR;100;
7402;6.28704E+12;Lulu GiftCard SAR 250;"LuLu Hypermarket	";SAR;250;
7404;6.28704E+12;Lulu GiftCard SAR 1000;"LuLu Hypermarket	";SAR;1000;
7400;6.28704E+12;Lulu GiftCard SAR 25;"LuLu Hypermarket	";SAR;25;
5726;6.2811E+12;Mabrook Fone - $10;Mabrook Fone;SAR;30;
6159;6.28704E+12;Marry Gold $10;Marry Gold;SAR;32;
5866;6.2811E+12;Mashkoor Recharge Card - $10;Mashkoor;SAR;34.5;
5542;6.2811E+12;mCoinz Voucher - $50;mCoinz;USD;224.25;
5541;6.2811E+12;mCoinz Voucher - $10;mCoinz;USD;44.85;
5728;6.2811E+12;Media Call Recharge Card - $20;Media Call;SAR;40.25;
6622;6.2811E+12;Microsoft M365 Family ESD UAE;Microsoft Office;SAR;503.7;
6619;6.2811E+12;Microsoft M365 Personal ESD Kuwait;Microsoft Office;SAR;328.9;
6623;6.2811E+12;Microsoft M365 Personal ESD UAE;Microsoft Office;SAR;350.75;
6613;6.2811E+12;Microsoft M365 Personal ESD KSA;Microsoft Office;SAR;339;
6630;6.2811E+12;Microsoft M365 Business ESD UAE;Microsoft Office;SAR;761.3;
6621;6.2811E+12;Microsoft M365 Business ESD Kuwait;Microsoft Office;SAR;714.15;
6616;6.2811E+12;Microsoft M365 Family ESD KSA;Microsoft Office;SAR;519;
6618;6.2811E+12;Microsoft M365 Family ESD Kuwait;Microsoft Office;SAR;500.25;
6615;4.2516E+12;Microsoft 365 Business KSA;Microsoft Office;SAR;699;
6624;6.2811E+12;Microsoft Windows 10 Pro ESD Indirect KSA;Microsoft Windows;SAR;989.99;
6625;6.2811E+12;Microsoft Windows 10 Home Kuwait;Microsoft Windows;SAR;787.278;
6628;6.2811E+12;Microsoft Windows 10 Professional Kuwait;Microsoft Windows;SAR;1207.5;
6626;6.2811E+12;Microsoft Windows 10 Home UAE;Microsoft Windows;SAR;798.1;
6614;6.2811E+12;Microsoft Windows 10 Home ESD Indirect KSA;Microsoft Windows;SAR;679.99;
6627;6.2811E+12;Microsoft Windows 10 Professional UAE;Microsoft Windows;SAR;1161.5;
5064;6.28704E+12;voiceline 15$;Mobecall;USD;67.275;
5063;6.28704E+12;voiceline 10$;Mobecall;USD;44.85;
5065;6.28704E+12;voiceline 25$;Mobecall;USD;112.125;
6975;6.2811E+12;Mobile Legends Card 6012 Diamonds;Mobile Legends;SAR;431.25;
6968;6.2811E+12;Mobile Legends Card 56 Diamonds;Mobile Legends;SAR;5.75;
6973;6.2811E+12;Mobile Legends Card 3005 Diamonds;Mobile Legends;SAR;218.5;
6969;6.2811E+12;Mobile Legends Card 278 Diamonds;Mobile Legends;SAR;23;
6972;6.2811E+12;Mobile Legends Card 1783 Diamonds;Mobile Legends;SAR;131.1;
6974;6.2811E+12;Mobile Legends Card 4770 Diamonds;Mobile Legends;SAR;345;
6971;6.2811E+12;Mobile Legends Card 1167 Diamonds;Mobile Legends;SAR;87.4;
6970;6.2811E+12;Mobile Legends Card 571 Diamonds;Mobile Legends;SAR;46;
3237;6.2811E+12;Mrsaalk Card-500Messages;Mrsaalk;SAR;75.9;
3238;6.2811E+12;Mrsaalk Card-250Messages;Mrsaalk;SAR;40.25;
3239;6.2811E+12;Mrsaalk Card-100Messages;Mrsaalk;SAR;17.25;
5487;6.2811E+12;Mrsaalk Card-2000Messages;Mrsaalk;SAR;253;
3240;6.2811E+12;Mrsaalk Card-50Messages;Mrsaalk;SAR;10.35;
3236;6.2811E+12;Mrsaalk Card-750Messages;Mrsaalk;SAR;109.25;
5488;6.2811E+12;Mrsaalk Card-5000Messages;Mrsaalk;SAR;632.5;
3235;6.2811E+12;Mrsaalk Card-1000Messages;Mrsaalk;SAR;126.5;
6229;6.2811E+12;Mrsool SAR 100;Mrsool;SAR;100;
6568;6.28704E+12;Mrsool SAR 200;Mrsool;SAR;200;
6230;6.2811E+12;Mrsool SAR 50;Mrsool;SAR;50;
695;6.2811E+12;Mubasher Recharge Card 300 Points - Saudi Arabia;Mubasher KSA Cards;SAR;300;
5593;6.2811E+12;Mubasher Recharge Card  12 Months subscription - Saudi Arabia;Mubasher KSA Cards;SAR;2415;
694;6.2811E+12;Mubasher Recharge Card 200 Points - Saudi Arabia;Mubasher KSA Cards;SAR;200;
5594;6.2811E+12;Mubasher Recharge Card 6 Months subscription - Saudi Arabia ;Mubasher KSA Cards;SAR;1207.5;
693;6.2811E+12;Mubasher Recharge Card 100 Points - Saudi Arabia;Mubasher KSA Cards;SAR;100;
6185;6.2811E+12;Nana Drivers Voucher - SR1000;Nana Vouchers for Drivers;SAR;1000;
6184;6.2811E+12;Nana Drivers Voucher - SR500;Nana Vouchers for Drivers;SAR;500;
6183;6.2811E+12;Nana Drivers Voucher - SR100;Nana Vouchers for Drivers;SAR;100;
6182;6.2811E+12;Nana Drivers Voucher - SR50;Nana Vouchers for Drivers;SAR;50;
6181;6.2811E+12;Nana Drivers Voucher - SR10;Nana Vouchers for Drivers;SAR;10;
5537;6.2811E+12;NCoin 1600 EU  (NCSOFT CURRENCY FOR WILDSTAR/ BLADE & SOUL);NCoin;USD;100.913;
5535;6.2811E+12;NCoin 400 EU  (NCSOFT CURRENCY FOR WILDSTAR/ BLADE & SOUL);NCoin;USD;31.395;
5536;6.2811E+12;NCoin 800 EU  (NCSOFT CURRENCY FOR WILDSTAR/ BLADE & SOUL);NCoin;USD;56.511;
5410;6.2811E+12;NeoonGames - Card 6400 points;Neoon Games;USD;224.25;
5409;6.2811E+12;NeoonGames - Card 3700 points;Neoon Games;USD;134.55;
5408;6.2811E+12;NeoonGames - Card 1200 points;Neoon Games;USD;44.85;
5407;6.2811E+12;NeoonGames - Card 500 points;Neoon Games;USD;22.425;
5411;6.2811E+12;NeoonGames - Card 14000 points;Neoon Games;USD;448.5;
6796;6.2811E+12;Netflix KSA - SAR100 - (KSA Store);Netflix KSA Store;SAR;100;
6797;6.2811E+12;Netflix KSA - SAR250 - (KSA Store);Netflix KSA Store;SAR;250;
6799;6.28704E+12;Netflix UAE - AED500 - (UAE Store);Netflix UAE Store;AED;564.568;
6798;6.2811E+12;Netflix UAE - AED100 - (UAE Store);Netflix UAE Store;AED;112.914;
5730;6.2811E+12;Netflix $30-  US Accounts Only;Netflix US Store;USD;136.882;
4566;6.2811E+12;Nexon EU - 20000 Cash;Nexon EU;USD;107.64;
4565;6.2811E+12;Nexon EU - 10000 Cash;Nexon EU;USD;62.79;
4567;6.2811E+12;Nexon EU - 30000 Cash;Nexon EU;USD;156.975;
4564;6.2811E+12;Nexon EU - 5000 Cash;Nexon EU;USD;33.638;
5735;6.2811E+12;Nintendo eShop $10 Card;Nintendo eShop Cards;SAR;37.5;
6562;6.2811E+12;Nintendo Switch Online 3 Months Membership;Nintendo eShop Cards;SAR;34.454;
5737;6.2811E+12;Nintendo eShop $35 Card;Nintendo eShop Cards;SAR;131.25;
5738;6.2811E+12;Nintendo eShop $50 Card;Nintendo eShop Cards;SAR;187.5;
5736;6.2811E+12;Nintendo eShop $20 Card;Nintendo eShop Cards;SAR;75;
6563;6.2811E+12;Nintendo Switch Online 12 Months Membership;Nintendo eShop Cards;SAR;86.204;
6847;6.28704E+12;Noon GiftCard SAR 200 (KSA Store);Noon GiftCards KSA;SAR;200;
6844;6.28704E+12;Noon GiftCard SAR 25 (KSA Store);Noon GiftCards KSA;SAR;25;
6846;6.28704E+12;Noon GiftCard SAR 100 (KSA Store);Noon GiftCards KSA;SAR;100;
6843;6.28704E+12;Noon GiftCard SAR 10 (KSA Store);Noon GiftCards KSA;SAR;10;
6848;6.28704E+12;Noon GiftCard SAR 500 (KSA Store);Noon GiftCards KSA;SAR;500;
6845;6.28704E+12;Noon GiftCard SAR 50 (KSA Store);Noon GiftCards KSA;SAR;50;
6912;6.28704E+12;Noon GiftCard AED 25 (UAE Store);Noon GiftCards UAE;AED;26.702;
6915;6.28704E+12;Noon GiftCard AED 200 (UAE Store);Noon GiftCards UAE;AED;213.615;
6914;6.28704E+12;Noon GiftCard AED 100 (UAE Store);Noon GiftCards UAE;AED;106.807;
6913;6.28704E+12;Noon GiftCard AED 50 (UAE Store);Noon GiftCards UAE;AED;53.404;
6916;6.28704E+12;Noon GiftCard AED 500 (UAE Store);Noon GiftCards UAE;AED;534.037;
6911;6.28704E+12;Noon GiftCard AED 10 (UAE Store);Noon GiftCards UAE;AED;10.681;
3760;6.2811E+12;Octopus Networks Mobile Internet VPN - 1 Year Subscription limited to 50 GB Data Plan;Octopus Networks;AED;213.717;
3762;6.2811E+12;Octopus Networks Mobile Internet VPN - 1 Year Subscription limited to 250 GB Data Plan;Octopus Networks;AED;549.558;
4694;6.2811E+12;Octopus Networks Mobile Internet VPN - One Month Subscription Limited to 2GB;Octopus Networks;AED;19.54;
3761;6.2811E+12;Octopus Networks Mobile Internet VPN - 1 Year subscription limited to 100 GB Data Plan;Octopus Networks;AED;341.947;
4695;6.2811E+12;Octopus Networks Mobile Internet VPN - 3 Months Subscription Limited to 6 GB;Octopus Networks;AED;52.513;
4696;6.2811E+12;Octopus Networks Mobile Internet VPN - 6 Months Subscription Limited to 12 GB;Octopus Networks;AED;101.363;
6580;6.28704E+12;Omantel Card OR5;Omantel;USD;55.478;
6575;6.28704E+12;Omantel Card OR1;Omantel;USD;11.096;
6581;6.28704E+12;Omantel Card OR10;Omantel;USD;110.955;
6579;6.28704E+12;Omantel Card OR3;Omantel;USD;33.287;
4735;6.28704E+12;OneCard-Kuwait-5 $;OneCard - Kuwait;KWD;22.277;
4738;6.28704E+12;OneCard-Kuwait-50 $;OneCard - Kuwait;KWD;199.24;
4736;6.28704E+12;OneCard-Kuwait-10 $;OneCard - Kuwait;KWD;47.578;
4739;6.28704E+12;OneCard-Kuwait-100 $;OneCard - Kuwait;KWD;391.142;
4737;6.28704E+12;OneCard-Kuwait-30 $;OneCard - Kuwait;KWD;122.476;
6607;6.28704E+12;Ooredoo Card QR50;Ooredoo Qatar;USD;55.953;
6603;6.28704E+12;Ooredoo Card QR20;Ooredoo Qatar;USD;22.695;
6599;6.28704E+12;Ooredoo Card QR10;Ooredoo Qatar;USD;11.46;
6606;6.28704E+12;Ooredoo Card QR30;Ooredoo Qatar;USD;33.93;
6609;6.28704E+12;Ooredoo Card QR200;Ooredoo Qatar;USD;220.223;
6608;6.28704E+12;Ooredoo Card QR100;Ooredoo Qatar;USD;111.233;
5982;6.28704E+12;Orange Voice JOD 6;Orange - Jordon;USD;62.655;
5979;6.28704E+12;Orange Voice JOD 1;Orange - Jordon;USD;12.334;
5984;6.28704E+12;Orange Voice JOD 12;Orange - Jordon;USD;124.459;
5986;6.28704E+12;Orange Nos B Nos JOD 6;Orange - Jordon;USD;57.004;
5985;6.28704E+12;Orange Nos B Nos JOD 5;Orange - Jordon;USD;49.335;
5980;6.28704E+12;Orange Voice JOD 3;Orange - Jordon;USD;33.638;
5981;6.28704E+12;Orange Voice JOD 5;Orange - Jordon;USD;52.475;
5989;6.28704E+12;Orange Nos B Nos JOD 9;Orange - Jordon;USD;87.458;
5987;6.28704E+12;Orange Nos B Nos JOD 7;Orange - Jordon;USD;69.518;
5993;6.2811E+12;Pakistan Special $10;Pakistan special Zamzam;SAR;34.5;
6815;6.28704E+12;Paysafecard SAR100 - (KSA Store);paysafecard;SAR;100;
6822;6.28704E+12;Paysafecard KWD5 - (Kuwait tore);paysafecard;KWD;64.016;
6824;6.28704E+12;Paysafecard KWD20 - (Kuwait Store);paysafecard;KWD;256.065;
6821;6.28704E+12;Paysafecard AED500 - (UAE Store);paysafecard;AED;534.037;
6539;6.2811E+12;Paysafecard $10 - (KSA Store);paysafecard;SAR;37.5;
6813;6.28704E+12;Paysafecard $100 - (KSA Store);paysafecard;SAR;375;
6816;6.28704E+12;Paysafecard SAR200 - (KSA Store);paysafecard;SAR;200;
6541;6.2811E+12;Paysafecard $50 - (KSA Store);paysafecard;SAR;187.5;
6814;6.28704E+12;Paysafecard SAR50 - (KSA Store);paysafecard;SAR;50;
6818;6.28704E+12;Paysafecard AED50 - (UAE Store);paysafecard;AED;53.404;
6540;6.2811E+12;Paysafecard $20 - (KSA Store);paysafecard;SAR;75;
6820;6.28704E+12;Paysafecard AED250 - (UAE Store);paysafecard;AED;267.018;
6823;6.28704E+12;Paysafecard KWD10 - (Kuwait Store);paysafecard;KWD;128.033;
6817;6.28704E+12;Paysafecard SAR400 - (KSA Store);paysafecard;SAR;400;
6819;6.28704E+12;Paysafecard AED100 - (UAE Store);paysafecard;AED;106.807;
5898;4.2605E+12;PlayStation Network - $5 PSN Card (Bahraini Store);PlayStation Store Bahrain;SAR;18.946;
6450;4.2605E+12;PlayStation Network - $10 PSN Card (Bahraini Store).;PlayStation Store Bahrain;SAR;37.88;
5915;4.2605E+12;PlayStation Network - $50 PSN Card (Bahraini Store);PlayStation Store Bahrain;SAR;189.409;
5911;4.2605E+12;PlayStation Network - $30 PSN Card (Bahraini Store);PlayStation Store Bahrain;SAR;118.825;
5906;4.2605E+12;PlayStation Network - $15 PSN Card (Bahraini Store);PlayStation Store Bahrain;SAR;56.825;
5913;4.2605E+12;PlayStation Network - $45 PSN Card (Bahraini Store);PlayStation Store Bahrain;SAR;170.464;
5903;4.2605E+12;PlayStation Network - $10 PSN Card (Bahraini Store);PlayStation Store Bahrain;SAR;37.88;
5910;4.2605E+12;PlayStation Network - $20 PSN Card (Bahraini Store);PlayStation Store Bahrain;SAR;75.759;
6449;4.2605E+12;PlayStation Network - $5 PSN Card (Bahraini Store).;PlayStation Store Bahrain;SAR;18.946;
5919;4.2605E+12;PlayStation Network - $70 PSN Card (Bahraini Store);PlayStation Store Bahrain;SAR;265.168;
5912;4.2605E+12;PlayStation Network - $40 PSN Card (Bahraini Store);PlayStation Store Bahrain;SAR;151.518;
5917;4.2605E+12;PlayStation Network - $60 PSN Card (Bahraini Store);PlayStation Store Bahrain;SAR;227.288;
6697;6.2811E+12;PlayStation Canada Store 3 Months;PlayStation Store Canada;SAR;108.1;
6698;6.2811E+12;PlayStation Canada Store 12 Months;PlayStation Store Canada;SAR;250.7;
7132;6.28704E+12;PlayStation Canada Store CAD 25;PlayStation Store Canada;SAR;75;
6694;6.2811E+12;PlayStation Canada Store CAD 10;PlayStation Store Canada;SAR;30;
6696;6.2811E+12;PlayStation Canada Store CAD 50;PlayStation Store Canada;SAR;150;
6421;6.2811E+12;PlayStation France Store EUR 20;PlayStation Store France;EUR;107.017;
6418;6.2811E+12;PlayStation France Store 12 Months;PlayStation Store France;EUR;293.93;
6423;6.2811E+12;PlayStation France Store 3 Months;PlayStation Store France;EUR;122.442;
6422;6.2811E+12;PlayStation France Store EUR 50;PlayStation Store France;EUR;290.937;
6419;6.2811E+12;PlayStation France Store EUR 5;PlayStation Store France;EUR;26.276;
6420;6.2811E+12;PlayStation France Store EUR 10;PlayStation Store France;EUR;54.415;
6691;6.2811E+12;PlayStation German Store 1 Month;PlayStation Store German;SAR;46;
6687;6.2811E+12;PlayStation German Store EUR 5;PlayStation Store German;SAR;21.35;
6689;6.2811E+12;PlayStation German Store EUR 20;PlayStation Store German;SAR;85.4;
7395;6.28704E+12;PlayStation German Store EUR 25;PlayStation Store German;SAR;106.75;
6688;6.2811E+12;PlayStation German Store EUR 10;PlayStation Store German;SAR;42.7;
6690;6.2811E+12;PlayStation German Store EUR 50;PlayStation Store German;SAR;213.5;
6692;6.2811E+12;PlayStation German Store 3 Months;PlayStation Store German;SAR;120.75;
6693;6.2811E+12;PlayStation German Store 12 Months;PlayStation Store German;SAR;281.75;
5546;4.2514E+12;PlayStation KSA Store $50;PlayStation Store KSA;SAR;189;
6228;6.2811E+12;FIFA 20 Ultimate 12000 Points Pack(Saudi Store);PlayStation Store KSA;SAR;431.25;
3213;4.2514E+12;PlayStation KSA Store $20;PlayStation Store KSA;SAR;75;
5813;6.2811E+12;FIFA 18 Ultimate Team 12000 Points (Saudi Store);PlayStation Store KSA;SAR;523.25;
5801;4.2514E+12;PlayStation KSA Store $45;PlayStation Store KSA;SAR;169.038;
5804;4.2514E+12;PlayStation KSA Store $70;PlayStation Store KSA;SAR;263.075;
6710;6.2811E+12;FIFA 21 500 Points Pack (Saudi Store);PlayStation Store KSA;SAR;18.998;
7054;6.28702E+12;PlayStation KSA Store $34;PlayStation Store KSA;SAR;128;
5805;4.2514E+12;PlayStation KSA Store $15;PlayStation Store KSA;SAR;57.112;
6118;6.2811E+12;FIFA 19 Ultimate Team 12000 Points (Saudi Store);PlayStation Store KSA;SAR;431.25;
6709;6.2811E+12;FIFA 21 750 Points Pack (Saudi Store);PlayStation Store KSA;SAR;28.002;
5802;4.2514E+12;PlayStation KSA Store $60;PlayStation Store KSA;SAR;225;
7053;6.28702E+12;PlayStation KSA Store $21;PlayStation Store KSA;SAR;79;
6458;6.2811E+12;FIFA 21 12000 Points Pack (Saudi Store);PlayStation Store KSA;SAR;375.004;
5803;4.2514E+12;PlayStation KSA Store $10;PlayStation Store KSA;SAR;38;
6612;6.28704E+12;FIFA 20 750 Points Pack (Saudi Store);PlayStation Store KSA;SAR;28.002;
6158;6.28702E+12;PlayStation KSA Store $100;PlayStation Store KSA;SAR;375;
7055;6.28702E+12;PlayStation KSA Store $83;PlayStation Store KSA;SAR;312;
5808;4.2514E+12;PlayStation KSA Store $5;PlayStation Store KSA;SAR;19.038;
5807;4.2514E+12;PlayStation KSA Store $40;PlayStation Store KSA;SAR;150;
5806;4.2514E+12;PlayStation KSA Store $30;PlayStation Store KSA;SAR;113.075;
5884;4.2605E+12;PlayStation Network - $10 PSN Card (Kuwait Store);PlayStation Store Kuwait;SAR;37.88;
5888;4.2605E+12;PlayStation Network - $40 PSN Card (Kuwait Store);PlayStation Store Kuwait;SAR;151.518;
5890;4.2605E+12;PlayStation Network - $50 PSN Card (Kuwait Store);PlayStation Store Kuwait;SAR;189.409;
5887;4.2605E+12;PlayStation Network - $30 PSN Card (Kuwait Store);PlayStation Store Kuwait;SAR;113.638;
5892;4.2605E+12;PlayStation Network - $70 PSN Card (Kuwait Store);PlayStation Store Kuwait;SAR;265.168;
5889;4.2605E+12;PlayStation Network - $45 PSN Card (Kuwait Store);PlayStation Store Kuwait;SAR;170.464;
5891;4.2605E+12;PlayStation Network - $60 PSN Card (Kuwait Store);PlayStation Store Kuwait;SAR;227.288;
5885;4.2605E+12;PlayStation Network - $15 PSN Card (Kuwait Store);PlayStation Store Kuwait;SAR;56.825;
5886;4.2605E+12;PlayStation Network - $20 PSN Card (Kuwait Store);PlayStation Store Kuwait;SAR;75.759;
6949;4.2516E+12;PlayStation Network - $100 PSN Card (Kuwait Store).;PlayStation Store Kuwait;SAR;375;
5883;4.2605E+12;PlayStation Network - $5 PSN Card (Kuwaiti Store);PlayStation Store Kuwait;SAR;18.946;
6119;6.2811E+12;PlayStation Network - $5 PSN Card (Lebanon Store);PlayStation Store Lebanon;SAR;18.946;
6120;6.2811E+12;PlayStation Network - $10 PSN Card (Lebanon Store);PlayStation Store Lebanon;SAR;38.075;
6122;6.2811E+12;PlayStation Network - $50 PSN Card (Lebanon Store);PlayStation Store Lebanon;SAR;196.125;
6121;6.2811E+12;PlayStation Network - $20 PSN Card (Lebanon Store);PlayStation Store Lebanon;SAR;77.3;
6124;6.2811E+12;PlayStation Plus Network - 3 Months (Lebanon Store);PlayStation Store Lebanon;SAR;111.55;
6123;6.2811E+12;PlayStation Plus Network - 1 Month (Lebanon Store);PlayStation Store Lebanon;SAR;43.125;
6125;6.2811E+12;PlayStation Network - 12 Months (Lebanon Store);PlayStation Store Lebanon;SAR;258.75;
5900;4.2605E+12;PlayStation Network - $30 PSN Card (Omani Store);PlayStation Store Oman;SAR;113.638;
5907;4.2605E+12;PlayStation Network - $70 PSN Card (Omani Store);PlayStation Store Oman;SAR;265.168;
5897;4.2605E+12;PlayStation Network - $15 PSN Card (Omani Store);PlayStation Store Oman;SAR;56.825;
5902;4.2605E+12;PlayStation Network - $45 PSN Card (Omani Store);PlayStation Store Oman;SAR;170.464;
5895;4.2605E+12;PlayStation Network - $5 PSN Card (Omani Store);PlayStation Store Oman;SAR;18.946;
5905;4.2605E+12;PlayStation Network - $60 PSN Card (Omani Store);PlayStation Store Oman;SAR;227.288;
5896;4.2605E+12;PlayStation Network - $10 PSN Card (Omani Store);PlayStation Store Oman;SAR;37.88;
5899;4.2605E+12;PlayStation Network - $20 PSN Card (Omani Store);PlayStation Store Oman;SAR;75.759;
5901;4.2605E+12;PlayStation Network - $40 PSN Card (Omani Store);PlayStation Store Oman;SAR;151.518;
5904;4.2605E+12;PlayStation Network - $50 PSN Card (Omani Store);PlayStation Store Oman;SAR;189.409;
5918;4.2605E+12;PlayStation Network - $15 PSN Card (Qatar Store);PlayStation Store Qatar;SAR;56.825;
5925;4.2605E+12;PlayStation Network - $45 PSN Card (Qatar Store);PlayStation Store Qatar;SAR;170.464;
5927;4.2605E+12;PlayStation Network - $60 PSN Card (Qatar Store);PlayStation Store Qatar;SAR;227.288;
5920;4.2605E+12;PlayStation Network - $20 PSN Card (Qatar Store);PlayStation Store Qatar;SAR;75.759;
5922;4.2605E+12;PlayStation Network - $30 PSN Card (Qatar Store);PlayStation Store Qatar;SAR;113.638;
5923;4.2605E+12;PlayStation Network - $40 PSN Card (Qatar Store);PlayStation Store Qatar;SAR;151.518;
5926;4.2605E+12;PlayStation Network - $50 PSN Card (Qatar Store);PlayStation Store Qatar;SAR;189.409;
5914;4.2605E+12;PlayStation Network - $5 PSN Card (Qatar Store);PlayStation Store Qatar;SAR;18.946;
5916;4.2605E+12;PlayStation Network - $10 PSN Card (Qatar Store);PlayStation Store Qatar;SAR;37.88;
5928;4.2605E+12;PlayStation Network - $70 PSN Card (Qatar Store);PlayStation Store Qatar;SAR;265.168;
7300;3.23382E+12;PlayStation- ZAR 1000 (South Africa);PlayStation Store South Africa;SAR;227.27;
7298;3.23382E+12;PlayStation- ZAR 350 (South Africa);PlayStation Store South Africa;SAR;79.55;
7294;3.23382E+12;PlayStation- ZAR 50 (South Africa);PlayStation Store South Africa;SAR;11.36;
7299;3.23382E+12;PlayStation- ZAR 500 (South Africa);PlayStation Store South Africa;SAR;113.64;
7297;3.23382E+12;PlayStation- ZAR 250 (South Africa);PlayStation Store South Africa;SAR;56.82;
7296;3.23382E+12;PlayStation- ZAR 150 (South Africa);PlayStation Store South Africa;SAR;34.09;
7295;3.23382E+12;PlayStation- ZAR 100 (South Africa);PlayStation Store South Africa;SAR;22.73;
5934;4.26045E+12;PlayStation Network - $20 PSN Card (UAE Store);PlayStation Store UAE;SAR;75.759;
5936;4.26045E+12;PlayStation Network - $40 PSN Card (UAE Store);PlayStation Store UAE;SAR;151.518;
5940;4.26045E+12;PlayStation Network - $70 PSN Card (UAE Store);PlayStation Store UAE;SAR;265.168;
5939;4.26045E+12;PlayStation Network - $60 PSN Card (UAE Store);PlayStation Store UAE;SAR;227.288;
5933;4.26045E+12;PlayStation Network - $15 PSN Card (UAE Store);PlayStation Store UAE;SAR;56.825;
5935;4.26045E+12;PlayStation Network - $30 PSN Card (UAE Store);PlayStation Store UAE;SAR;113.638;
5931;4.26045E+12;PlayStation Network - $5 PSN Card (UAE Store);PlayStation Store UAE;SAR;18.946;
5932;4.26045E+12;PlayStation Network - $10 PSN Card (UAE Store);PlayStation Store UAE;SAR;37.88;
5938;4.26045E+12;PlayStation Network - $50 PSN Card (UAE Store);PlayStation Store UAE;SAR;189.409;
5937;4.26045E+12;PlayStation Network - $45 PSN Card (UAE Store);PlayStation Store UAE;SAR;170.464;
5874;6.2811E+12;PlayStation UK Store GBP25;PlayStation Store UK;SAR;138.738;
6529;6.2811E+12;PlayStation UK Store GBP5;PlayStation Store UK;SAR;27.371;
5875;6.2811E+12;PlayStation UK Store GBP35;PlayStation Store UK;SAR;181.45;
6530;6.2811E+12;PlayStation UK Store GBP20;PlayStation Store UK;SAR;102;
6126;6.2811E+12;PlayStation UK Store GBP10;PlayStation Store UK;SAR;54.464;
6531;6.2811E+12;PlayStation UK Store GBP50;PlayStation Store UK;SAR;272.269;
7099;6.28704E+12;PlayStation Network - $30 PSN Card (United States Store);PlayStation Store USA;SAR;112.5;
5957;6.2811E+12;PlayStation Network - $60 PSN Card (United States Store);PlayStation Store USA;SAR;225;
6165;6.2811E+12;PlayStation Network - $25 PSN Card (United States Store);PlayStation Store USA;SAR;93.75;
5879;6.2811E+12;PlayStation Network - $100 PSN Card (United States Store);PlayStation Store USA;SAR;375;
7102;6.28704E+12;PlayStation Network - $110 PSN Card (United States Store);PlayStation Store USA;SAR;412.5;
7101;6.28704E+12;PlayStation Network - $70 PSN Card (United States Store);PlayStation Store USA;SAR;262.5;
5958;6.2811E+12;PlayStation Network - $75 PSN Card (United States Store);PlayStation Store USA;SAR;281.25;
5878;6.2811E+12;PlayStation Network - $50 PSN Card (United States Store);PlayStation Store USA;SAR;187.5;
7100;6.28704E+12;PlayStation Network - $55 PSN Card (United States Store);PlayStation Store USA;SAR;206.25;
5876;6.2811E+12;PlayStation Network - $10 PSN Card (United States Store);PlayStation Store USA;SAR;37.5;
6290;6.28702E+12;Apex Legends - 10,000 +1500 Bonus (Saudi Store);PS4 Apex Legends KSA Store;SAR;538.867;
6289;6.28702E+12;Apex Legends - 6,000 + 700 Bonus (Saudi Store);PS4 Apex Legends KSA Store;SAR;319.804;
6287;6.2811E+12;Apex Legends - 2,000 + 150 Bonus (Saudi Store);PS4 Apex Legends KSA Store;SAR;108.434;
6288;6.28702E+12;Apex Legends - 4,000 + 350 Bonus (Saudi Store);PS4 Apex Legends KSA Store;SAR;215.763;
7051;6.28704E+12;Apex Legends - 6,000 Coins + 700 Bonus (UAE Store);PS4 Apex Legends UAE Store;AED;332.177;
7048;6.28704E+12;Apex Legends - 1,000 Coins (UAE Store);PS4 Apex Legends UAE Store;AED;56.177;
7052;6.28704E+12;Apex Legends - 10,000 Coins + 1500 Bonus (UAE Store);PS4 Apex Legends UAE Store;AED;561.77;
7050;6.28704E+12;Apex Legends - 4,000 Coins + 350 Bonus (UAE Store);PS4 Apex Legends UAE Store;AED;224.708;
7049;6.28704E+12;Apex Legends - 2,000 Coins + 150 Bonus (UAE Store);PS4 Apex Legends UAE Store;AED;112.354;
6570;6.28702E+12;Call of Duty Black Ops Cold War 2400 Points (Saudi Store);PS4 Call of Duty;SAR;75.003;
6571;6.28702E+12;Call of Duty Black Ops Cold War 5000 Points (Saudi Store);PS4 Call of Duty;SAR;149.995;
6569;6.28702E+12;Call of Duty Black Ops Cold War 1100 Points (Saudi Store);PS4 Call of Duty;SAR;37.996;
6245;6.2811E+12;Pubg Mobile 12000+ Free 4200 UC - $199.99 Recharge Voucher;PUBG;SAR;750;
6241;6.2811E+12;Pubg Mobile 600+ Free 60 UC - $9.99 Recharge Voucher;PUBG;SAR;37.46;
6243;6.2811E+12;Pubg Mobile 3000+ Free 850 UC - $49.99 Recharge Voucher;PUBG;SAR;187.46;
6240;6.2811E+12;Pubg Mobile 300+ Free 25 UC - $4.99 Recharge Voucher;PUBG;SAR;18.75;
6239;6.2811E+12;Pubg Mobile 60 UC - $0.99 Recharge Voucher;PUBG;SAR;3.75;
6248;6.2811E+12;Pubg Mobile 30000+ Free 10500 UC - $499.99 Recharge Voucher;PUBG;SAR;1875;
6242;6.2811E+12;Pubg Mobile 1500+ Free 300 UC - $24.99 Recharge Voucher;PUBG;SAR;93.71;
6244;6.2811E+12;Pubg Mobile 6000+ Free 2100 UC - $99.99 Recharge Voucher;PUBG;SAR;375;
6246;6.2811E+12;Pubg Mobile 18000+ Free 6300 UC - $299.99 Recharge Voucher;PUBG;SAR;1125;
6247;6.2811E+12;Pubg Mobile 24000+ Free 8400 UC - $399.99 Recharge Voucher;PUBG;SAR;1500;
6981;6.2811E+12;PUBG New State 30000 NC + 5000 Bonus Recharge Voucher;PUBG New State;SAR;375;
6976;6.2811E+12;PUBG New State 300 NC Recharge Voucher;PUBG New State;SAR;3.75;
6980;6.2811E+12;PUBG New State 15000 NC + 1800 Bonus Recharge Voucher;PUBG New State;SAR;187.5;
6977;6.2811E+12;PUBG New State 1500 NC + 80 Bonus Recharge Voucher;PUBG New State;SAR;18.75;
6978;6.2811E+12;PUBG New State 3600 NC + 250 Bonus Recharge Voucher;PUBG New State;SAR;45;
6979;6.2811E+12;PUBG New State 9300 NC + 930 Bonus Recharge Voucher;PUBG New State;SAR;116.25;
7122;6.28117E+12;QUICKNet 5G - Unlimited for 3 Months;QUICK net cards - STC;SAR;1121.25;
6655;6.28117E+12;QUICKNet EVD PP - 100GB + 19GB Social Media for 1 Month.;QUICK net cards - STC;SAR;195.5;
6192;6.28117E+12;QuickNet - GB500 6 Months.;QUICK net cards - STC;SAR;862.5;
7128;6.28117E+12;QuickNet Roaming - 50 GB for 1 Month;QUICK net cards - STC;SAR;402.5;
6132;6.28117E+12;QUICKNet - Unlimited for 7 days;QUICK net cards - STC;SAR;109.25;
7033;6.28117E+12;QUICKNet 25GB + 25GB Streaming EVD for 1 Month;QUICK net cards - STC;SAR;115;
6860;6.28117E+12;QUICKNet Unlimited streaming + 100GB for 1 Month;QUICK net cards - STC;SAR;316.25;
5826;6.28117E+12;QUICKNet - 300 GB for 3 Months;QUICK net cards - STC;SAR;517.5;
5827;6.28117E+12;QUICKNet - Unlimited for 1 Month;QUICK net cards - STC;SAR;373.75;
7127;6.28117E+12;QuickNet Roaming - 20 GB for 1 Week;QUICK net cards - STC;SAR;287.5;
7035;6.28117E+12;QUICKNet 100GB + 100GB Streaming EVD for 3 Months;QUICK net cards - STC;SAR;368;
5758;6.28117E+12;QUICKNet - 10 GB for 3 Months.;QUICK net cards - STC;SAR;201.25;
7034;6.28117E+12;QUICKNet 80GB + 80GB Streaming EVD for 2 Months;QUICK net cards - STC;SAR;253;
4427;6.2811E+12;ROHAN 5000 RPs;R.O.H.A.N.: Blood Feud;USD;224.25;
4425;6.2811E+12;ROHAN 1000 RPs;R.O.H.A.N.: Blood Feud;USD;44.85;
4424;6.2811E+12;ROHAN 500 RPs;R.O.H.A.N.: Blood Feud;USD;22.425;
4426;6.2811E+12;ROHAN 2500 RPs;R.O.H.A.N.: Blood Feud;USD;112.125;
6186;6.2811E+12;Razer Gold - $10 (US Store);Razer Gold;SAR;37.5;
6351;6.2811E+12;Razer Gold - $50 (Global);Razer Gold;SAR;187.5;
6348;6.2811E+12;Razer Gold - $5 (Global);Razer Gold;SAR;18.75;
6353;6.2811E+12;Razer Gold - $300 (US Store);Razer Gold;SAR;1125;
7114;6.28704E+12;Razer Gold - $1 (Global);Razer Gold;SAR;3.75;
6349;6.2811E+12;Razer Gold - $10 (Global);Razer Gold;SAR;37.5;
6350;6.2811E+12;Razer Gold - $20 (Global);Razer Gold;SAR;75;
6187;6.2811E+12;Razer Gold - $25 (US Store);Razer Gold;SAR;93.75;
7125;6.28704E+12;Razer Gold - $400 (Global);Razer Gold;SAR;1500;
6189;6.2811E+12;Razer Gold - $100 (US Store);Razer Gold;SAR;375;
7126;6.28704E+12;Razer Gold - $500 (Global);Razer Gold;SAR;1875;
7115;6.28704E+12;Razer Gold - $2 (Global);Razer Gold;SAR;7.5;
6188;6.2811E+12;Razer Gold - $50 (US Store);Razer Gold;SAR;187.5;
7123;6.28704E+12;Razer Gold - $200 (Global);Razer Gold;SAR;750;
6238;6.2811E+12;Razer Gold - $5 (US Store);Razer Gold;SAR;18.75;
6352;6.2811E+12;Razer Gold - $100 (Global);Razer Gold;SAR;375;
7124;6.28704E+12;Razer Gold - $300 (Global);Razer Gold;SAR;1125;
6369;6.2811E+12;Razer Gold - $400 (US Store);Razer Gold;SAR;1500;
6354;6.2811E+12;Razer Gold - $500 (US Store);Razer Gold;SAR;1875;
6368;6.2811E+12;Razer Gold - $200 (US Store);Razer Gold;SAR;750;
6587;6.28704E+12;RedBull Card OR10;RedBull Oman;USD;110.955;
6585;6.28704E+12;RedBull Card OR5;RedBull Oman;USD;55.478;
6586;6.28704E+12;RedBull Card OR6;RedBull Oman;USD;66.573;
6584;6.28704E+12;RedBull Card OR4;RedBull Oman;USD;44.382;
6582;6.28704E+12;RedBull Card OR1;RedBull Oman;USD;11.096;
6583;6.28704E+12;RedBull Card OR3;RedBull Oman;USD;33.287;
6588;6.28704E+12;RedBull Card OR15;RedBull Oman;USD;166.432;
6595;6.28704E+12;Renna Card OR20;Renna Oman;USD;221.91;
6590;6.28704E+12;Renna Card OR1.5;Renna Oman;USD;16.643;
6593;6.28704E+12;Renna Card OR7;Renna Oman;USD;77.669;
6591;6.28704E+12;Renna Card OR3;Renna Oman;USD;33.287;
6589;6.28704E+12;Renna Card OR1;Renna Oman;USD;11.096;
6594;6.28704E+12;Renna Card OR10;Renna Oman;USD;110.955;
6592;6.28704E+12;Renna Card OR5;Renna Oman;USD;55.478;
6405;6.2811E+12;Riot Points $50 - 7200 RP (US);Riot Points;SAR;187.5;
6403;6.2811E+12;Riot Points $10 - 1380 RP (US);Riot Points;SAR;37.5;
6404;6.2811E+12;Riot Points $25 - 3500 RP (US);Riot Points;SAR;93.75;
6861;6.2811E+12;Roblox $15 (US Store);Roblox;SAR;56.25;
6863;6.2811E+12;Roblox $100 (US Store);Roblox;SAR;375;
6409;6.2811E+12;Roblox $25 (US Store);Roblox;SAR;93.75;
6862;6.2811E+12;Roblox $50 (US Store);Roblox;SAR;187.5;
6408;6.2811E+12;Roblox $10 (US Store);Roblox;SAR;37.5;
5243;6.2811E+12;RuneScape 30 day membership;RuneScape;USD;56.018;
5244;6.2811E+12;RuneScape 90 day membership;RuneScape;USD;152.445;
4353;6.2811E+12;Rynga EUR 50 Voucher;Rynga;EUR;269.481;
3708;6.2811E+12;Rynga EUR 25 Voucher;Rynga;EUR;134.741;
3707;6.2811E+12;Rynga EUR 10 voucher;Rynga;EUR;53.896;
7408;6.28704E+12;SACO GiftCard SAR 500;SACO;SAR;500;
7406;6.28704E+12;SACO GiftCard SAR 100;SACO;SAR;100;
7407;6.28704E+12;SACO GiftCard SAR 250;SACO;SAR;250;
7409;6.28704E+12;SACO GiftCard SAR 1000;SACO;SAR;1000;
7405;6.28704E+12;SACO GiftCard SAR 50;SACO;SAR;50;
6415;6.2811E+12;Salik Card AED 50;Salik;AED;62.894;
6417;6.2811E+12;Salik Card AED 200;Salik;AED;251.575;
6416;6.2811E+12;Salik Card AED 100 ;Salik;AED;125.788;
6680;6.2811E+12;Shahid VIP 12 Month Subscription - KSA Store;Shahid VIP;SAR;339.997;
6781;6.2811E+12;Shahid Sports and VIP 12 Months Subscription - KSA Store;Shahid VIP;SAR;700.005;
6681;6.2811E+12;Shahid VIP 6 Months Subscription - KSA Store;Shahid VIP;SAR;199.996;
6780;6.2811E+12;Shahid Sports and VIP 3 Months Subscription - KSA Store;Shahid VIP;SAR;197.996;
6542;6.2811E+12;Shahid VIP 3 Months Subscription - KSA Store;Shahid VIP;SAR;107.996;
7390;6.28704E+12;Shukran GiftCard SAR 200 (KSA Store);Shukran GiftCards KSA;SAR;200;
7389;6.28704E+12;Shukran GiftCard SAR 100 (KSA Store);Shukran GiftCards KSA;SAR;100;
7391;6.28704E+12;Shukran GiftCard SAR 500 (KSA Store);Shukran GiftCards KSA;SAR;500;
2542;6.2811E+12;SilkRoad - 100 Silk Card;Silkroad;USD;44.85;
2543;6.2811E+12;SilkRoad - 300 Silk Card;Silkroad;USD;134.55;
2541;6.2811E+12;SilkRoad - 50 Silk Card;Silkroad;USD;22.425;
3428;6.2811E+12;SilkRoad - 10 Silk Card;Silkroad;USD;4.485;
3070;6.2811E+12;SilkRoad - 700 Silk Card + 50 Silk Free;Silkroad;USD;313.95;
2544;6.2811E+12;SilkRoad - 500 Silk Card + 25 Silk Free;Silkroad;USD;224.25;
5140;6.2811E+12;SilkRoad - 1000  Silk Card + 100 Silk Free;Silkroad;USD;448.5;
3710;6.2811E+12;SmartVoip EUR25 voucher;SmartVoip;EUR;134.741;
4354;6.2811E+12;SmartVoip EUR 50 voucher;SmartVoip;EUR;269.481;
3709;6.2811E+12;SmartVoip EUR10 Voucher;SmartVoip;EUR;53.896;
7228;6.28704E+12;Spacetoon Go 12 Months Subscription;Spacetoon Go;SAR;194.062;
7227;6.28704E+12;Spacetoon Go 3 Months Subscription;Spacetoon Go;SAR;64.688;
6766;6.2811E+12;Spotify EUR 60 (French Store);Spotify;SAR;270;
6407;6.2811E+12;Spotify $30 (US Store);Spotify;SAR;112.5;
6947;6.28704E+12;Spotify 12 Months Subscription 499 EGP Digital Code (Egypt Store);Spotify;SAR;118.898;
6946;6.28704E+12;Spotify 6 Months Subscription 300 EGP Digital Code (Egypt Store);Spotify;SAR;71.496;
6316;4.2516E+12;Spotify Premium 12 Months Subscription (Saudi Store Only);Spotify;SAR;198.996;
6764;6.2811E+12;Spotify EUR 10 (French Store);Spotify;SAR;45;
6944;6.28704E+12;Spotify 1 Month Subscription 55 EGP Digital Code (Egypt Store);Spotify;SAR;13.099;
6406;6.2811E+12;Spotify $10 (US Store);Spotify;SAR;37.5;
6945;6.28704E+12;Spotify 3 Months Subscription 160 EGP Digital Code (Egypt Store);Spotify;SAR;38.1;
6300;4.2516E+12;Spotify Premium 1 Month  Subscription (Saudi Store Only);Spotify;SAR;21.999;
6942;6.28704E+12;Spotify 6 Months Subscription Digital Code (UAE Store);Spotify;SAR;132.25;
6765;6.2811E+12;Spotify EUR 30 (French Store);Spotify;SAR;135;
6314;4.2516E+12;Spotify Premium 3 Months Subscription (Saudi Store Only);Spotify;SAR;63.998;
6943;6.28704E+12;Spotify 12 Months Subscription Digital Code (UAE Store);Spotify;SAR;220.8;
6315;4.2516E+12;Spotify Premium 6 Months Subscription (Saudi Store Only);Spotify;SAR;120.002;
6432;6.2811E+12;STARZPLAY 12 Months;STARZPLAY;SAR;367;
6574;6.2811E+12;STARZPLAY 1 Month;STARZPLAY;SAR;43.815;
6431;6.2811E+12;STARZPLAY 6 Months;STARZPLAY;SAR;182.999;
6430;6.2811E+12;STARZPLAY 3 Months;STARZPLAY;SAR;91;
6401;6.2811E+12;STC Bahrain - BHD 10;STC - Bahrain;SAR;116.725;
6399;6.2811E+12;STC Bahrain - BHD 1;STC - Bahrain;SAR;11.672;
6400;6.2811E+12;STC Bahrain - BHD 5;STC - Bahrain;SAR;58.362;
7250;2.27001E+12;stc tv Premium 3 Months Subscription -KSA Store;STC TV - KSA Store;SAR;160;
7249;2.07001E+12;stc tv Classic 12 Months Subscription -KSA Store;STC TV - KSA Store;SAR;300;
7251;2.37001E+12;stc tv Premium 6 Months Subscription -KSA Store;STC TV - KSA Store;SAR;270;
7248;1.97001E+12;stc tv Classic 6 Months Subscription -KSA Store;STC TV - KSA Store;SAR;180;
7245;1.57001E+12;stc tv Lite 6 Months Subscription -KSA Store;STC TV - KSA Store;SAR;70;
7247;1.87001E+12;stc tv Classic 3 Months Subscription -KSA Store;STC TV - KSA Store;SAR;105;
7246;1.67001E+12;stc tv Lite 12 Months Subscription -KSA Store;STC TV - KSA Store;SAR;115;
7244;1.47001E+12;stc tv Lite 3 Months Subscription -KSA Store;STC TV - KSA Store;SAR;40;
7252;2.47001E+12;stc tv Premium 12 Months Subscription -KSA Store;STC TV - KSA Store;SAR;450;
7337;6.28704E+12;stc tv Lite 12 Months Subscription -Kuwait Store;STC TV - Kuwait Store;SAR;126.362;
7341;6.28704E+12;stc tv Premium 3 Months Subscription -Kuwait Store;STC TV - Kuwait Store;SAR;161.633;
7342;6.28704E+12;stc tv Premium 6 Months Subscription -Kuwait Store;STC TV - Kuwait Store;SAR;266.915;
7339;6.28704E+12;stc tv Classic 6 Months Subscription -Kuwait Store;STC TV - Kuwait Store;SAR;158.125;
7338;6.28704E+12;stc tv Classic 3 Months Subscription -Kuwait Store;STC TV - Kuwait Store;SAR;91.356;
7336;6.28704E+12;stc tv Lite 6 Months Subscription -Kuwait Store;STC TV - Kuwait Store;SAR;77.303;
7343;6.28704E+12;stc tv Premium 12 Months Subscription -Kuwait Store;STC TV - Kuwait Store;SAR;449.638;
7340;6.28704E+12;stc tv Classic 12 Months Subscription -Kuwait Store;STC TV - Kuwait Store;SAR;266.915;
7335;6.28704E+12;stc tv Lite 3 Months Subscription -Kuwait Store;STC TV - Kuwait Store;SAR;44.976;
7355;6.28704E+12;stc tv Lite 12 Months Subscription -Bahrain Store;STC TV -Bahrain Store;SAR;114.574;
7358;6.28704E+12;stc tv Classic 12 Months Subscription -Bahrain Store;STC TV -Bahrain Store;SAR;258.06;
7357;6.28704E+12;stc tv Classic 6 Months Subscription -Bahrain Store;STC TV -Bahrain Store;SAR;154.836;
7360;6.28704E+12;stc tv Premium 6 Months Subscription -Bahrain Store;STC TV -Bahrain Store;SAR;309.672;
7356;6.28704E+12;stc tv Classic 3 Months Subscription -Bahrain Store;STC TV -Bahrain Store;SAR;91.759;
7361;6.28704E+12;stc tv Premium 12 Months Subscription -Bahrain Store;STC TV -Bahrain Store;SAR;516.12;
7354;6.28704E+12;stc tv Lite 6 Months Subscription -Bahrain Store;STC TV -Bahrain Store;SAR;74.554;
7359;6.28704E+12;stc tv Premium 3 Months Subscription -Bahrain Store;STC TV -Bahrain Store;SAR;183.505;
7353;6.28704E+12;stc tv Lite 3 Months Subscription -Bahrain Store;STC TV -Bahrain Store;SAR;43.01;
6918;6.28704E+12;Steam Wallet Card - USD 20 (Bahrain Store);Steam Wallet Bahrain Store;SAR;80;
6921;6.28704E+12;Steam Wallet Card - USD 100 (Bahrain Store);Steam Wallet Bahrain Store;SAR;400;
6920;6.28704E+12;Steam Wallet Card - USD 75 (Bahrain Store);Steam Wallet Bahrain Store;SAR;300;
6917;6.28704E+12;Steam Wallet Card - USD 10 (Bahrain Store);Steam Wallet Bahrain Store;SAR;40;
6919;6.28704E+12;Steam Wallet Card - USD 50 (Bahrain Store);Steam Wallet Bahrain Store;SAR;200;
6752;6.2811E+12;Steam Wallet Card - EUR 10;Steam Wallet Europe Store;SAR;46.15;
6753;6.2811E+12;Steam Wallet Card - EUR 20;Steam Wallet Europe Store;SAR;93.45;
6754;6.2811E+12;Steam Wallet Card - EUR 50;Steam Wallet Europe Store;SAR;236.5;
6755;6.2811E+12;Steam Wallet Card - EUR 100;Steam Wallet Europe Store;SAR;455.75;
6751;6.2811E+12;Steam Wallet Card - EUR 5;Steam Wallet Europe Store;SAR;27.526;
6724;6.2811E+12;Steam Wallet Card - SAR 20;Steam Wallet KSA Store;SAR;20;
6684;6.2811E+12;Steam Wallet Card - SAR 100;Steam Wallet KSA Store;SAR;100;
6683;6.2811E+12;Steam Wallet Card - SAR 50;Steam Wallet KSA Store;SAR;50;
6685;6.2811E+12;Steam Wallet Card - SAR 200;Steam Wallet KSA Store;SAR;200;
7129;6.28704E+12;Steam Wallet Card - KWD 30.;Steam Wallet Kuwait Store;SAR;393;
6924;6.28704E+12;Steam Wallet Card - KWD 20;Steam Wallet Kuwait Store;SAR;262;
6922;6.28704E+12;Steam Wallet Card - KWD 5;Steam Wallet Kuwait Store;SAR;65.5;
6923;6.28704E+12;Steam Wallet Card - KWD 10;Steam Wallet Kuwait Store;SAR;131;
6927;6.28704E+12;Steam Wallet Card - USD 20 (Oman Store);Steam Wallet Oman Store;SAR;78;
6926;6.28704E+12;Steam Wallet Card - USD 10 (Oman Store);Steam Wallet Oman Store;SAR;39;
6928;6.28704E+12;Steam Wallet Card - USD 50 (Oman Store);Steam Wallet Oman Store;SAR;195;
6930;6.28704E+12;Steam Wallet Card - USD 100 (Oman Store);Steam Wallet Oman Store;SAR;390;
6929;6.28704E+12;Steam Wallet Card - USD 75 (Oman Store);Steam Wallet Oman Store;SAR;293;
6935;6.28704E+12;Steam Wallet Card - QAR 400;Steam Wallet Qatar Store;SAR;430;
6932;6.28704E+12;Steam Wallet Card - QAR 50;Steam Wallet Qatar Store;SAR;53.75;
6933;6.28704E+12;Steam Wallet Card - QAR 100;Steam Wallet Qatar Store;SAR;107.5;
6934;6.28704E+12;Steam Wallet Card - QAR 200;Steam Wallet Qatar Store;SAR;215;
6931;6.28704E+12;Steam Wallet Card - QAR 20;Steam Wallet Qatar Store;SAR;21.5;
7303;3.66365E+12;Steam Wallet Card - ZAR 250;Steam Wallet South Africa Store;SAR;56.82;
7302;3.66365E+12;Steam Wallet Card - ZAR 150;Steam Wallet South Africa Store;SAR;34.09;
7301;3.66365E+12;Steam Wallet Card - ZAR 80;Steam Wallet South Africa Store;SAR;18.18;
7304;3.66365E+12;Steam Wallet Card - ZAR 500;Steam Wallet South Africa Store;SAR;113.64;
6719;6.2811E+12;Steam Wallet Card - AED 20;Steam Wallet UAE Store;AED;21.361;
6720;6.2811E+12;Steam Wallet Card - AED 40;Steam Wallet UAE Store;AED;42.723;
6740;6.2811E+12;Steam Wallet Card - AED 100;Steam Wallet UAE Store;AED;106.807;
6722;6.2811E+12;Steam Wallet Card - AED 75;Steam Wallet UAE Store;AED;80.106;
6721;6.2811E+12;Steam Wallet Card - AED 50;Steam Wallet UAE Store;AED;53.404;
6723;6.2811E+12;Steam Wallet Card - AED 200;Steam Wallet UAE Store;AED;213.615;
7060;6.28704E+12;Steam Wallet Card - AED 400.;Steam Wallet UAE Store;AED;427.229;
6641;6.2811E+12;Steam Wallet Card USD 5 (US Store Works in USA Only);Steam Wallet USA Store;SAR;19.038;
4878;6.2811E+12;Steam Wallet Card USD 20 (US Store Works in USA Only);Steam Wallet USA Store;SAR;75;
5741;6.2811E+12;Steam Wallet Card USD 10 (US Store Works in USA Only);Steam Wallet USA Store;SAR;37.5;
4879;6.2811E+12;Steam Wallet Card USD 50 (US Store Works in USA Only);Steam Wallet USA Store;SAR;187.5;
4880;6.28704E+12;Steam Wallet Card USD 100 (US Store Works in USA Only);Steam Wallet USA Store;SAR;375;
4792;6.2811E+12;Stell host - $50 card;Stell - host;USD;224.25;
4793;6.2811E+12;Stell host - $100 card;Stell - host;USD;448.5;
4791;6.2811E+12;Stell Host - $20 card ;Stell - host;USD;89.7;
4790;6.2811E+12;Stell host - 10 $ card;Stell - host;USD;44.85;
7415;6.28704E+12;Tamimi Markets GiftCard SR 25;Tamimi Markets;SAR;25;
7418;6.28704E+12;Tamimi Markets GiftCard SR 250;Tamimi Markets;SAR;250;
7419;6.28704E+12;Tamimi Markets GiftCard SR 500;Tamimi Markets;SAR;500;
7416;6.28704E+12;Tamimi Markets GiftCard SR 50;Tamimi Markets;SAR;50;
7417;6.28704E+12;Tamimi Markets GiftCard SR 100;Tamimi Markets;SAR;100;
7133;6.28704E+12;Teamfight Tactics 1380 RP (MENA);Teamfight Tactics;SAR;60.375;
7134;6.28704E+12;Teamfight Tactics 2800 RP (MENA);Teamfight Tactics;SAR;120.75;
7226;6.28704E+12;Teen Patti Gold Gold Pass (International);Teen Patti Gold;SAR;34.5;
7223;6.28704E+12;Teen Patti Gold 100 Cr Max Chips (International);Teen Patti Gold;SAR;431.25;
7218;6.28704E+12;Teen Patti Gold 1 Cr Max Chips (International);Teen Patti Gold;SAR;8.625;
7216;6.28704E+12;Teen Patti Gold 16 L Chips (International);Teen Patti Gold;SAR;4.312;
7220;6.28704E+12;Teen Patti Gold 7.5 Cr Max Chips (International);Teen Patti Gold;SAR;43.125;
7225;6.28704E+12;Teen Patti Gold Gullak 5 Cr Max Chips (International);Teen Patti Gold;SAR;6.44;
7217;6.28704E+12;Teen Patti Gold 45 L Chips (International);Teen Patti Gold;SAR;4.312;
7222;6.28704E+12;Teen Patti Gold 55 Cr Max Chips (International);Teen Patti Gold;SAR;258.75;
7221;6.28704E+12;Teen Patti Gold 16 Cr Max Chips (International);Teen Patti Gold;SAR;86.25;
7219;6.28704E+12;Teen Patti Gold 3.3 Cr Max Chips (International);Teen Patti Gold;SAR;21.85;
7224;6.28704E+12;Teen Patti Gold Gullak 1 Cr Max Chips (International);Teen Patti Gold;SAR;4.312;
5112;6.2811E+12;30 Days Tibia Premium Time;Tibia;EUR;41.402;
5113;6.2811E+12;90 Days Tibia Premium Time ;Tibia;EUR;109.507;
5114;6.2811E+12;180 Days Tibia Premium Time ;Tibia;EUR;195.741;
5115;6.2811E+12;Tibia Character Name Change ;Tibia;EUR;43.852;
5116;6.2811E+12;Tibia Character Sex Change;Tibia;EUR;19.354;
5118;6.2811E+12;Tibia Account Name Change;Tibia;EUR;29.153;
5117;6.2811E+12;Tibia Character World Transfer;Tibia;EUR;122.246;
7213;6.28704E+12;TikTok Card $100 (KSA Store)-available in Android only;TikTok;SAR;375;
7212;6.28704E+12;TikTok Card $50 (KSA Store)-available in Android only;TikTok;SAR;187.5;
7210;6.28704E+12;TikTok Card $5 (KSA Store)-available in Android only;TikTok;SAR;18.75;
7211;6.28704E+12;TikTok Card $20 (KSA Store)-available in Android only;TikTok;SAR;75;
6495;6.2811E+12;Twitch Card $100;Twitch;SAR;375;
6493;6.2811E+12;Twitch Card $25;Twitch;SAR;93.75;
6494;6.2811E+12;Twitch Card $50;Twitch;SAR;187.5;
6492;6.2811E+12;Twitch Card $15;Twitch;SAR;56.25;
5955;6.28704E+12;Uber Driver Voucher JD 100;Uber Drivers Vouchers - Jordan;JOD;550.071;
5954;6.28704E+12;Uber Driver Voucher JD 20;Uber Drivers Vouchers - Jordan;JOD;110.014;
6543;6.28704E+12;Uber Driver Voucher JD 500;Uber Drivers Vouchers - Jordan;JOD;2750.353;
5953;6.28704E+12;Uber Driver Voucher JD 10;Uber Drivers Vouchers - Jordan;JOD;55.007;
5956;6.28704E+12;Uber Driver Voucher JD 50;Uber Drivers Vouchers - Jordan;JOD;275.035;
5952;6.28704E+12;Uber Driver Voucher JD 5;Uber Drivers Vouchers - Jordan;JOD;27.504;
6544;6.28704E+12;Uber Driver Voucher JD 1000;Uber Drivers Vouchers - Jordan;JOD;5500.705;
5856;6.2811E+12;Uber Driver Voucher - SAR50;Uber Drivers Vouchers - KSA;SAR;50;
5859;6.2811E+12;Uber Driver Voucher - SAR500;Uber Drivers Vouchers - KSA;SAR;500;
5858;6.2811E+12;Uber Driver Voucher - SAR200;Uber Drivers Vouchers - KSA;SAR;200;
5855;6.2811E+12;Uber Driver Voucher - SAR20;Uber Drivers Vouchers - KSA;SAR;20;
5846;6.2811E+12;Uber Driver Voucher - SAR10;Uber Drivers Vouchers - KSA;SAR;10;
5860;6.2811E+12;Uber Driver Voucher - SAR1000;Uber Drivers Vouchers - KSA;SAR;1000;
5857;6.2811E+12;Uber Driver Voucher - SAR100;Uber Drivers Vouchers - KSA;SAR;100;
5861;6.2811E+12;Uber Driver Voucher - SAR2000;Uber Drivers Vouchers - KSA;SAR;2000;
6508;6.28704E+12;Uber Partner LBP 80,000;Uber Drivers Vouchers - Lebanon;LBP1;18.884;
6511;6.28704E+12;Uber Partner LBP 800,000;Uber Drivers Vouchers - Lebanon;LBP1;188.842;
6509;6.28704E+12;Uber Partner LBP 200,000;Uber Drivers Vouchers - Lebanon;LBP1;47.21;
6507;6.28704E+12;Uber Partner LBP 40,000;Uber Drivers Vouchers - Lebanon;LBP1;9.442;
6510;6.28704E+12;Uber Partner LBP 400,000;Uber Drivers Vouchers - Lebanon;LBP1;94.421;
6223;6.28704E+12;Uber Driver Voucher QR 200;Uber Drivers Vouchers - Qatar;QAR;214.286;
6222;6.28704E+12;Uber Driver Voucher QR 100;Uber Drivers Vouchers - Qatar;QAR;107.143;
6224;6.28704E+12;Uber Driver Voucher QR 500;Uber Drivers Vouchers - Qatar;QAR;535.714;
6219;6.28704E+12;Uber Driver Voucher QR 5;Uber Drivers Vouchers - Qatar;QAR;5.357;
6221;6.28704E+12;Uber Driver Voucher QR 50;Uber Drivers Vouchers - Qatar;QAR;53.571;
6220;6.28704E+12;Uber Driver Voucher QR 10;Uber Drivers Vouchers - Qatar;QAR;10.714;
5967;6.28704E+12;Umnia Smart JOD9;Umniah - Jordon;USD;86.561;
5964;6.28704E+12;Umnia Smart JOD3;Umniah - Jordon;USD;29.825;
5965;6.28704E+12;Umnia Smart JOD5;Umniah - Jordon;USD;48.214;
5961;6.28704E+12;Umniah Voice JOD5;Umniah - Jordon;USD;52.026;
5966;6.28704E+12;Umnia Smart JOD7;Umniah - Jordon;USD;64.674;
5960;6.28704E+12;Umniah Voice JOD3;Umniah - Jordon;USD;32.292;
5959;6.28704E+12;Umniah Voice JOD1;Umniah - Jordon;USD;12.11;
5963;6.28704E+12;Umnia Smart JOD1;Umniah - Jordon;USD;11.091;
6500;6.2811E+12;Valorant Gift Card $25 (United States Store);Valorant;SAR;93.75;
6499;6.2811E+12;Valorant Gift Card $10 (United States Store);Valorant;SAR;37.5;
6501;6.2811E+12;Valorant Gift Card $50 (United States Store);Valorant;SAR;187.5;
7215;6.28704E+12;Viber Card $25 (International);Viber;SAR;93.75;
7214;6.28704E+12;Viber Card $10 (International);Viber;SAR;37.5;
7410;7410;Virgin Megastore GiftCard SAR 50;Virgin Megastore;SAR;50;
7414;7414;Virgin Megastore GiftCard SAR 1000;Virgin Megastore;SAR;1000;
7413;7413;Virgin Megastore GiftCard SAR 500;Virgin Megastore;SAR;500;
7411;7411;Virgin Megastore GiftCard SAR 100;Virgin Megastore;SAR;100;
7412;7412;Virgin Megastore GiftCard SAR 250;Virgin Megastore;SAR;250;
6601;6.28704E+12;Vodafone Qatar QR55;Vodafone Qatar;USD;61.455;
6604;6.28704E+12;Vodafone Qatar QR200;Vodafone Qatar;USD;220.223;
6605;6.28704E+12;Vodafone Qatar QR300;Vodafone Qatar;USD;328.091;
6602;6.28704E+12;Vodafone Qatar QR100;Vodafone Qatar;USD;111.233;
6600;6.28704E+12;Vodafone Qatar QR20;Vodafone Qatar;USD;22.695;
6598;6.28704E+12;Vodafone Qatar QR10;Vodafone Qatar;USD;11.46;
7424;7424;VOX Cinemas GiftCard SAR 1000;VOX Cinemas KSA;SAR;1000;
7423;7423;VOX Cinemas GiftCard SAR 500;VOX Cinemas KSA;SAR;500;
7420;7420;VOX Cinemas GiftCard SAR 50;VOX Cinemas KSA;SAR;50;
7421;7421;VOX Cinemas GiftCard SAR 100;VOX Cinemas KSA;SAR;100;
7422;7422;VOX Cinemas GiftCard SAR 250;VOX Cinemas KSA;SAR;250;
5461;6.2811E+12;WCoins - $30 Card;Webzen Coin;USD;134.55;
5460;6.2811E+12;WCoins - $20 Card;Webzen Coin;USD;89.7;
7030;6.28704E+12;Weyyak 1 Month Subscription;Weyyak;SAR;21.562;
7031;6.28704E+12;Weyyak 12 Months Subscription;Weyyak;SAR;86.25;
5495;6.2811E+12;WolfTeam MENA – 50000 CASH;Wolfteam MENA;USD;224.25;
5490;6.2811E+12;WolfTeam MENA – 5000 CASH;Wolfteam MENA;USD;22.425;
5489;6.2811E+12;Wolfteam MENA – 1000 CASH;Wolfteam MENA;USD;4.485;
5492;6.2811E+12;WolfTeam MENA  – 20000 CASH;Wolfteam MENA;USD;89.7;
5494;6.2811E+12;WolfTeam MENA – 30000 CASH;Wolfteam MENA;USD;134.55;
5491;6.2811E+12;WolfTeam MENA – 10000 CASH;Wolfteam MENA;USD;44.85;
5496;6.2811E+12;WolfTeam MENA– 80000 CASH;Wolfteam MENA;USD;358.8;
6804;6.2811E+12;Xbox Live EUR50 Gift Card (EU Store Works in Europe Only);XBox Europe Store;SAR;220;
6808;6.28704E+12;Xbox Game Pass Ultimate - 1 Month (EU Store Works in Europe Only);XBox Europe Store;SAR;56.35;
6809;6.28704E+12;Xbox Game Pass Ultimate - 3 Months (EU Store Works in Europe Only);XBox Europe Store;SAR;164.37;
6801;6.28704E+12;Xbox Live EUR10 Gift Card (EU Store Works in Europe Only);XBox Europe Store;SAR;45.15;
6800;6.28704E+12;Xbox Live EUR5 Gift Card (EU Store Works in Europe Only);XBox Europe Store;SAR;26.6;
6805;6.28704E+12;Xbox Live Gold 3 Months Subscription (EU Store Works in Europe Only);XBox Europe Store;SAR;78.2;
6802;6.28704E+12;Xbox Live EUR15 Gift Card (EU Store Works in Europe Only);XBox Europe Store;SAR;69.45;
6803;6.2811E+12;Xbox Live EUR25 Gift Card (EU Store Works in Europe Only);XBox Europe Store;SAR;115.75;
6806;6.28704E+12;Xbox Live Gold 6 Months Subscription (EU Store Works in Europe Only);XBox Europe Store;SAR;116.15;
6807;6.28704E+12;Xbox Live Gold 12 Months Subscription (EU Store Works in Europe Only);XBox Europe Store;SAR;224.25;
7276;6.2811E+12;Microsoft Xbox Game Pass - 1 Month (Bahrain Store Works in Bahrain Only);XBox GCC Store;SAR;64.4;
7279;6.2811E+12;Microsoft Xbox Game Pass - 3 Months (Kuwait Store Works in Kuwait Only);XBox GCC Store;SAR;193.2;
7283;6.2811E+12;Microsoft Xbox Game Pass - 3 Months (Qatar Store Works in Qatar Only);XBox GCC Store;SAR;193.2;
7284;6.2811E+12;Microsoft Xbox Game Pass - 1 Month (UAE Store Works in UAE Only);XBox GCC Store;SAR;64.4;
7280;6.2811E+12;Microsoft Xbox Game Pass - 1 Month (Oman Store Works in Oman Only);XBox GCC Store;SAR;64.4;
7277;6.2811E+12;Microsoft Xbox Game Pass - 3 Months (Bahrain Store Works in Bahrain Only);XBox GCC Store;SAR;193.2;
7275;8.85371E+11;Microsoft Xbox Live -- 12 Month (GCC Store Works in GCC Only);XBox GCC Store;SAR;259.566;
7271;8.89842E+11;Microsoft Xbox Live -- $15 (GCC Store Works in GCC Only);XBox GCC Store;SAR;56.25;
7281;6.2811E+12;Microsoft Xbox Game Pass - 3 Months (Oman Store Works in Oman Only);XBox GCC Store;SAR;193.2;
7282;6.2811E+12;Microsoft Xbox Game Pass - 1 Month (Qatar Store Works in Qatar Only);XBox GCC Store;SAR;64.4;
7274;8.85371E+11;Microsoft Xbox Live 3 Months ( GCC Store Works in GCC Only);XBox GCC Store;SAR;113.908;
7278;6.2811E+12;Microsoft Xbox Game Pass - 1 Month (Kuwait Store Works in Kuwait Only);XBox GCC Store;SAR;64.4;
7273;8.89842E+11;Microsoft Xbox Live -- $50 (GCC Store Works in GCC Only);XBox GCC Store;SAR;187.5;
7285;6.2811E+12;Microsoft Xbox Game Pass - 3 Months (UAE Store Works in UAE Only);XBox GCC Store;SAR;193.2;
7272;8.89842E+11;Microsoft Xbox Live -- $25 (GCC Store Works in GCC Only);XBox GCC Store;SAR;93.75;
7269;4.2516E+12;Microsoft Xbox Game Pass Ultimate - 1 Month (Saudi Store Works in KSA Only);Xbox KSA Store;SAR;62.1;
7270;4.2516E+12;Microsoft Xbox Game Pass Ultimate - 3 Months (Saudi Store Works in KSA Only);Xbox KSA Store;SAR;181.7;
7265;8.85371E+11;Microsoft Xbox Live -- SAR200 (Saudi Store Works in KSA Only);Xbox KSA Store;SAR;200;
7266;8.85371E+11;Microsoft Xbox Live -- SAR300 (Saudi Store Works in KSA Only);Xbox KSA Store;SAR;300;
7264;8.85371E+11;Microsoft Xbox Live -- SAR100 (Saudi Store Works in KSA Only);Xbox KSA Store;SAR;100;
7267;4.2516E+12;Microsoft Xbox Game Pass -- 3 Months (Saudi Store Works in KSA Only);Xbox KSA Store;SAR;128.144;
7268;4.2516E+12;Microsoft Xbox Game Pass -- 6 Months (Saudi Store Works in KSA Only);Xbox KSA Store;SAR;256.289;
7263;8.85371E+11;Microsoft Xbox Live -- SAR50 (Saudi Store Works in KSA Only);Xbox KSA Store;SAR;50;
5083;6.2811E+12;Xbox Live Gold 1 Month Subscription (US Store Works in USA Only);XBox US Store;SAR;43.125;
6076;6.2811E+12;Xbox Live $15 Gift Card  (US Store Works in USA Only);XBox US Store;SAR;56.25;
6553;6.2811E+12;Xbox Live $20 Gift Card (US Store Works in USA Only);XBox US Store;SAR;75;
5085;6.2811E+12;Xbox Live $25 Gift Card (US Store Works in USA Only);XBox US Store;SAR;93.75;
6548;6.2811E+12;Xbox Live $5 Gift Card  (US Store Works in USA Only);XBox US Store;SAR;18.75;
6342;6.2811E+12;Xbox Live $100 Gift Card  (US Store Works in USA Only);XBox US Store;SAR;375;
5087;6.2811E+12;Xbox Live Gold 12 Months Subscription (US Store Works in USA Only);XBox US Store;SAR;258.75;
6337;6.2811E+12;Xbox Live $10 Gift Card  (US Store Works in USA Only);XBox US Store;SAR;37.5;
5086;6.2811E+12;Xbox Live Gold 3 Months Subscription (US Store Works in USA Only);XBox US Store;SAR;107.766;
5734;6.2811E+12;Xbox One - EA Access 12 Months Subscription (US Store Works in USA Only);XBox US Store;SAR;129.375;
5084;6.2811E+12;Xbox Live $50 Gift Card  (US Store Works in USA Only);XBox US Store;SAR;187.5;
7025;6.28704E+12;Yalla Ludo - USD 500 Gold (INT);Yalla Ludo;SAR;1875;
7016;6.28704E+12;Yalla Ludo - USD 50 Diamonds (INT);Yalla Ludo;SAR;187.5;
7117;6.28704E+12;Yalla Ludo - USD 5 Diamonds (INT);Yalla Ludo;SAR;18.75;
7020;6.28704E+12;Yalla Ludo - USD 10 Gold (INT);Yalla Ludo;SAR;37.5;
7015;6.28704E+12;Yalla Ludo - USD 25 Diamonds (INT);Yalla Ludo;SAR;93.75;
7014;6.28704E+12;Yalla Ludo - USD 10 Diamonds (INT);Yalla Ludo;SAR;37.5;
7021;6.28704E+12;Yalla Ludo - USD 25 Gold (INT);Yalla Ludo;SAR;93.75;
7118;6.28704E+12;Yalla Ludo - USD 2 Gold (INT);Yalla Ludo;SAR;7.5;
7022;6.28704E+12;Yalla Ludo - USD 50 Gold (INT);Yalla Ludo;SAR;187.5;
7018;6.28704E+12;Yalla Ludo - USD 300 Diamonds (INT);Yalla Ludo;SAR;1125;
7019;6.28704E+12;Yalla Ludo - USD 500 Diamonds (INT);Yalla Ludo;SAR;1875;
7116;6.28704E+12;Yalla Ludo - USD 2 Diamonds (INT);Yalla Ludo;SAR;7.5;
7023;6.28704E+12;Yalla Ludo - USD 100 Gold (INT);Yalla Ludo;SAR;375;
7024;6.28704E+12;Yalla Ludo - USD 300 Gold (INT);Yalla Ludo;SAR;1125;
7017;6.28704E+12;Yalla Ludo - USD 100 Diamonds (INT);Yalla Ludo;SAR;375;
7119;6.28704E+12;Yalla Ludo - USD 5 Gold (INT);Yalla Ludo;SAR;18.75;
5976;6.28704E+12;Zain Mix JOD 3.5+3.5 ;Zain -  Jordan;USD;67.275;
5971;6.28704E+12;Zain Voice JOD 3;Zain -  Jordan;USD;31.664;
5972;6.28704E+12;Zain Voice JOD 5;Zain -  Jordan;USD;53.82;
5975;6.28704E+12;Zain Mix JOD 3+3;Zain -  Jordan;USD;57.004;
5970;6.28704E+12;Zain Voice JOD 1;Zain -  Jordan;USD;11.885;
5974;6.28704E+12;Zain Mix JOD 2.5+2.5;Zain -  Jordan;USD;49.335;
5969;6.28704E+12;Zain Voice JOD 0.5;Zain -  Jordan;USD;6.683;
5978;6.28704E+12;Zain Mix JOD 7.5+7.5;Zain -  Jordan;USD;139.035;
5973;6.28704E+12;Zain Voice JOD 12;Zain -  Jordan;USD;121.095;
5977;6.28704E+12;Zain Mix JOD 5+5;Zain -  Jordan;USD;93.288;
3495;6.2811E+12;Zain Card 1 KD;Zain -  Kuwait;KWD;15.078;
3083;6.2811E+12;Zain Card 20 KD;Zain -  Kuwait;KWD;301.57;
3080;6.2811E+12;Zain Card 3 KD;Zain -  Kuwait;KWD;45.235;
3082;6.2811E+12;Zain Card 10 KD;Zain -  Kuwait;KWD;150.785;
3081;6.2811E+12;Zain Card 5 KD;Zain -  Kuwait;KWD;75.392;
3496;6.2811E+12;Zain Card 1.5 KD;Zain -  Kuwait;KWD;22.691;
6396;6.2811E+12;Zain Bahrain - BHD 1;Zain - Bahrain;SAR;11.949;
6398;6.2811E+12;Zain Bahrain - BHD 10;Zain - Bahrain;SAR;117.622;
6397;6.2811E+12;Zain Bahrain - BHD 5;Zain - Bahrain;SAR;58.811;
2938;6.2811E+12;Zaman AlMoharbeen 20 Points Recharge Card;Zaman AlMoharbeen;USD;8.97;
2940;6.2811E+12;Zaman AlMoharbeen 100 Points Recharge Card;Zaman AlMoharbeen;USD;44.85;
2941;6.2811E+12;Zaman AlMoharbeen 200 Points Recharge Card;Zaman AlMoharbeen;USD;89.7;
2942;6.2811E+12;Zaman AlMoharbeen 400 Points Recharge Card;Zaman AlMoharbeen;USD;179.4;
2939;6.2811E+12;Zaman AlMoharbeen 40 Points Recharge Card;Zaman AlMoharbeen;USD;17.94;
2943;6.2811E+12;Zaman AlMoharbeen 1000 Points Recharge Card;Zaman AlMoharbeen;USD;448.5;
2937;6.2811E+12;Zaman AlMoharbeen 10 Points Recharge Card;Zaman AlMoharbeen;USD;4.485;
7032;6.28704E+12;"CrossFire card - 100000 ZP		";ZP Crossfire;USD;168.668;
4239;6.2811E+12;"CrossFire card - 10000 ZP		";ZP Crossfire;USD;20.182;
4238;6.2811E+12;CrossFire card - 5000 ZP;ZP Crossfire;USD;10.091;
4241;6.2811E+12;CrossFire card - 50000 ZP;ZP Crossfire;USD;96.428;
4240;6.2811E+12;CrossFire card- 20000 ZP;ZP Crossfire;USD;39.244;
